predio,band,iso_week,historical_median,historical_p25,historical_p75,value_2026
NOG,NDVI,1,0.6526,0.6384,0.6668,0.6547
NOG,NDVI,2,0.6255,0.6098,0.6411,0.6709
NOG,NDVI,3,0.6316,0.6187,0.6444,0.6792
NOG,NDVI,4,0.6306,0.6107,0.6505,0.6155
NOG,NDVI,5,0.6435,0.6266,0.6605,0.6728
NOG,NDVI,6,0.6625,0.6447,0.6803,0.6741
NOG,NDVI,7,0.6409,0.6299,0.6518,0.6464
NOG,NDVI,8,0.6062,0.6062,0.6062,0.6643
NOG,NDVI,9,0.6351,0.6232,0.6469,0.6673
NOG,NDVI,10,0.6330,0.6303,0.6357,0.6407
NOG,NDVI,11,0.6383,0.6376,0.6391,0.5953
NOG,NDVI,12,0.6383,0.6338,0.6429,0.6308
NOG,NDVI,13,0.6266,0.6186,0.6347,0.6228
NOG,NDVI,14,0.6780,0.6722,0.6839,0.6176
NOG,NDVI,15,0.6877,0.6877,0.6877,0.6206
NOG,NDVI,16,0.7050,0.7050,0.7050,
NOG,NDVI,17,0.6806,0.6776,0.6835,
NOG,NDVI,18,0.6526,0.6526,0.6526,0.6525
NOG,NDVI,19,,,,0.5915
NOG,NDVI,20,0.5751,0.5751,0.5751,
NOG,NDVI,21,,,,
NOG,NDVI,22,0.4714,0.4714,0.4714,
NOG,NDVI,23,0.4886,0.4886,0.4886,
NOG,NDVI,24,0.4844,0.4844,0.4844,
NOG,NDVI,25,0.5228,0.5228,0.5228,
NOG,NDVI,26,0.4870,0.4744,0.4996,
NOG,NDVI,27,0.4930,0.4894,0.4967,
NOG,NDVI,28,0.4969,0.4929,0.5010,
NOG,NDVI,29,0.4821,0.4751,0.4890,
NOG,NDVI,30,0.4303,0.4303,0.4303,
NOG,NDVI,31,,,,
NOG,NDVI,32,0.5074,0.4822,0.5327,
NOG,NDVI,33,0.5544,0.5544,0.5544,
NOG,NDVI,34,0.4836,0.4836,0.4836,
NOG,NDVI,35,0.5932,0.5932,0.5932,
NOG,NDVI,36,0.5583,0.5271,0.5895,
NOG,NDVI,37,0.5602,0.5333,0.5871,
NOG,NDVI,38,0.5654,0.5493,0.5814,
NOG,NDVI,39,0.5217,0.5009,0.5425,
NOG,NDVI,40,0.6229,0.6229,0.6229,
NOG,NDVI,41,0.5648,0.5648,0.5648,
NOG,NDVI,42,0.6692,0.6483,0.6901,
NOG,NDVI,43,0.7104,0.7071,0.7137,
NOG,NDVI,44,0.7188,0.7149,0.7227,
NOG,NDVI,45,0.7266,0.7258,0.7274,
NOG,NDVI,46,0.7021,0.6909,0.7132,
NOG,NDVI,47,0.7076,0.7020,0.7132,
NOG,NDVI,48,0.6800,0.6784,0.6816,
NOG,NDVI,49,0.6923,0.6903,0.6944,
NOG,NDVI,50,0.7100,0.7091,0.7109,
NOG,NDVI,51,0.6763,0.6748,0.6779,
NOG,NDVI,52,0.6887,0.6828,0.6947,
NOG,NDMI,1,0.2584,0.2568,0.2599,0.2286
NOG,NDMI,2,0.2508,0.2344,0.2673,0.2348
NOG,NDMI,3,0.2275,0.2250,0.2299,0.2479
NOG,NDMI,4,0.2299,0.2242,0.2356,0.2018
NOG,NDMI,5,0.2397,0.2379,0.2415,0.2365
NOG,NDMI,6,0.2472,0.2453,0.2491,0.2263
NOG,NDMI,7,0.2339,0.2317,0.2361,0.2087
NOG,NDMI,8,0.1792,0.1792,0.1792,0.2337
NOG,NDMI,9,0.2041,0.1903,0.2179,0.2303
NOG,NDMI,10,0.1958,0.1953,0.1964,0.2154
NOG,NDMI,11,0.2045,0.2020,0.2070,0.1817
NOG,NDMI,12,0.2056,0.2018,0.2094,0.2113
NOG,NDMI,13,0.1905,0.1809,0.2000,0.1990
NOG,NDMI,14,0.2343,0.2284,0.2401,0.1839
NOG,NDMI,15,0.2226,0.2226,0.2226,0.2104
NOG,NDMI,16,0.2560,0.2560,0.2560,
NOG,NDMI,17,0.2138,0.2092,0.2184,
NOG,NDMI,18,0.1907,0.1907,0.1907,0.1961
NOG,NDMI,19,,,,0.2117
NOG,NDMI,20,0.1300,0.1300,0.1300,
NOG,NDMI,21,,,,
NOG,NDMI,22,0.0275,0.0275,0.0275,
NOG,NDMI,23,-0.0388,-0.0388,-0.0388,
NOG,NDMI,24,-0.0214,-0.0214,-0.0214,
NOG,NDMI,25,0.0309,0.0309,0.0309,
NOG,NDMI,26,-0.0007,-0.0019,0.0005,
NOG,NDMI,27,-0.0165,-0.0199,-0.0130,
NOG,NDMI,28,-0.0015,-0.0045,0.0014,
NOG,NDMI,29,-0.0100,-0.0107,-0.0094,
NOG,NDMI,30,0.0043,0.0043,0.0043,
NOG,NDMI,31,,,,
NOG,NDMI,32,0.0120,-0.0025,0.0265,
NOG,NDMI,33,0.0595,0.0595,0.0595,
NOG,NDMI,34,-0.0069,-0.0069,-0.0069,
NOG,NDMI,35,0.0835,0.0835,0.0835,
NOG,NDMI,36,0.0693,0.0465,0.0920,
NOG,NDMI,37,0.0807,0.0628,0.0986,
NOG,NDMI,38,0.0768,0.0615,0.0921,
NOG,NDMI,39,0.0416,0.0099,0.0733,
NOG,NDMI,40,0.1506,0.1506,0.1506,
NOG,NDMI,41,0.0884,0.0884,0.0884,
NOG,NDMI,42,0.1857,0.1623,0.2090,
NOG,NDMI,43,0.2589,0.2534,0.2644,
NOG,NDMI,44,0.2651,0.2607,0.2695,
NOG,NDMI,45,0.2933,0.2915,0.2950,
NOG,NDMI,46,0.2853,0.2840,0.2866,
NOG,NDMI,47,0.2768,0.2715,0.2822,
NOG,NDMI,48,0.2536,0.2516,0.2557,
NOG,NDMI,49,0.2563,0.2512,0.2615,
NOG,NDMI,50,0.2742,0.2703,0.2781,
NOG,NDMI,51,0.2662,0.2624,0.2699,
NOG,NDMI,52,0.2687,0.2660,0.2715,
NOG,NDWI,1,-0.6425,-0.6530,-0.6321,-0.6442
NOG,NDWI,2,-0.6180,-0.6355,-0.6005,-0.6534
NOG,NDWI,3,-0.6321,-0.6422,-0.6219,-0.6568
NOG,NDWI,4,-0.6241,-0.6377,-0.6104,-0.6003
NOG,NDWI,5,-0.6331,-0.6441,-0.6221,-0.6518
NOG,NDWI,6,-0.6455,-0.6604,-0.6305,-0.6531
NOG,NDWI,7,-0.6372,-0.6505,-0.6238,-0.6423
NOG,NDWI,8,-0.6207,-0.6207,-0.6207,-0.6542
NOG,NDWI,9,-0.6342,-0.6382,-0.6301,-0.6524
NOG,NDWI,10,-0.6318,-0.6376,-0.6261,-0.6335
NOG,NDWI,11,-0.6336,-0.6340,-0.6332,-0.6027
NOG,NDWI,12,-0.6304,-0.6320,-0.6288,-0.6374
NOG,NDWI,13,-0.6226,-0.6228,-0.6223,-0.6200
NOG,NDWI,14,-0.6609,-0.6627,-0.6592,-0.6202
NOG,NDWI,15,-0.6752,-0.6752,-0.6752,-0.6299
NOG,NDWI,16,-0.6804,-0.6804,-0.6804,
NOG,NDWI,17,-0.6705,-0.6764,-0.6646,
NOG,NDWI,18,-0.6545,-0.6545,-0.6545,-0.6580
NOG,NDWI,19,,,,-0.5839
NOG,NDWI,20,-0.6227,-0.6227,-0.6227,
NOG,NDWI,21,,,,
NOG,NDWI,22,-0.5404,-0.5404,-0.5404,
NOG,NDWI,23,-0.5792,-0.5792,-0.5792,
NOG,NDWI,24,-0.5624,-0.5624,-0.5624,
NOG,NDWI,25,-0.5961,-0.5961,-0.5961,
NOG,NDWI,26,-0.5481,-0.5724,-0.5237,
NOG,NDWI,27,-0.5616,-0.5626,-0.5606,
NOG,NDWI,28,-0.5688,-0.5761,-0.5616,
NOG,NDWI,29,-0.5551,-0.5672,-0.5431,
NOG,NDWI,30,-0.4972,-0.4972,-0.4972,
NOG,NDWI,31,,,,
NOG,NDWI,32,-0.5620,-0.5795,-0.5446,
NOG,NDWI,33,-0.5588,-0.5588,-0.5588,
NOG,NDWI,34,-0.5407,-0.5407,-0.5407,
NOG,NDWI,35,-0.5915,-0.5915,-0.5915,
NOG,NDWI,36,-0.5819,-0.6004,-0.5634,
NOG,NDWI,37,-0.5853,-0.5989,-0.5716,
NOG,NDWI,38,-0.5928,-0.5982,-0.5873,
NOG,NDWI,39,-0.5568,-0.5663,-0.5472,
NOG,NDWI,40,-0.6194,-0.6194,-0.6194,
NOG,NDWI,41,-0.5916,-0.5916,-0.5916,
NOG,NDWI,42,-0.6619,-0.6731,-0.6507,
NOG,NDWI,43,-0.6826,-0.6839,-0.6813,
NOG,NDWI,44,-0.6907,-0.6945,-0.6869,
NOG,NDWI,45,-0.6945,-0.6979,-0.6912,
NOG,NDWI,46,-0.6748,-0.6828,-0.6668,
NOG,NDWI,47,-0.6754,-0.6792,-0.6716,
NOG,NDWI,48,-0.6574,-0.6577,-0.6570,
NOG,NDWI,49,-0.6697,-0.6709,-0.6686,
NOG,NDWI,50,-0.6786,-0.6790,-0.6783,
NOG,NDWI,51,-0.6482,-0.6508,-0.6455,
NOG,NDWI,52,-0.6619,-0.6673,-0.6565,
NOG,MNDWI,1,-0.4665,-0.4790,-0.4539,-0.4947
NOG,MNDWI,2,-0.4403,-0.4498,-0.4308,-0.5020
NOG,MNDWI,3,-0.4792,-0.4908,-0.4676,-0.4945
NOG,MNDWI,4,-0.4655,-0.4782,-0.4528,-0.4577
NOG,MNDWI,5,-0.4683,-0.4808,-0.4558,-0.4967
NOG,MNDWI,6,-0.4779,-0.4965,-0.4592,-0.5063
NOG,MNDWI,7,-0.4776,-0.4971,-0.4581,-0.5070
NOG,MNDWI,8,-0.5010,-0.5010,-0.5010,-0.5011
NOG,MNDWI,9,-0.4976,-0.5040,-0.4913,-0.5034
NOG,MNDWI,10,-0.5018,-0.5094,-0.4943,-0.4912
NOG,MNDWI,11,-0.4965,-0.4987,-0.4944,-0.4795
NOG,MNDWI,12,-0.4894,-0.4898,-0.4891,-0.5003
NOG,MNDWI,13,-0.4924,-0.5008,-0.4840,-0.4867
NOG,MNDWI,14,-0.5084,-0.5104,-0.5065,-0.4975
NOG,MNDWI,15,-0.5366,-0.5366,-0.5366,-0.4883
NOG,MNDWI,16,-0.5171,-0.5171,-0.5171,
NOG,MNDWI,17,-0.5356,-0.5466,-0.5246,
NOG,MNDWI,18,-0.5312,-0.5312,-0.5312,-0.5332
NOG,MNDWI,19,,,,-0.4250
NOG,MNDWI,20,-0.5368,-0.5368,-0.5368,
NOG,MNDWI,21,,,,
NOG,MNDWI,22,-0.5235,-0.5235,-0.5235,
NOG,MNDWI,23,-0.6074,-0.6074,-0.6074,
NOG,MNDWI,24,-0.5775,-0.5775,-0.5775,
NOG,MNDWI,25,-0.5782,-0.5782,-0.5782,
NOG,MNDWI,26,-0.5499,-0.5736,-0.5263,
NOG,MNDWI,27,-0.5746,-0.5760,-0.5733,
NOG,MNDWI,28,-0.5708,-0.5802,-0.5614,
NOG,MNDWI,29,-0.5634,-0.5748,-0.5520,
NOG,MNDWI,30,-0.4944,-0.4944,-0.4944,
NOG,MNDWI,31,,,,
NOG,MNDWI,32,-0.5557,-0.5634,-0.5480,
NOG,MNDWI,33,-0.5176,-0.5176,-0.5176,
NOG,MNDWI,34,-0.5477,-0.5477,-0.5477,
NOG,MNDWI,35,-0.5359,-0.5359,-0.5359,
NOG,MNDWI,36,-0.5374,-0.5410,-0.5338,
NOG,MNDWI,37,-0.5320,-0.5334,-0.5307,
NOG,MNDWI,38,-0.5427,-0.5482,-0.5371,
NOG,MNDWI,39,-0.5289,-0.5415,-0.5162,
NOG,MNDWI,40,-0.5189,-0.5189,-0.5189,
NOG,MNDWI,41,-0.5341,-0.5341,-0.5341,
NOG,MNDWI,42,-0.5504,-0.5531,-0.5476,
NOG,MNDWI,43,-0.5228,-0.5295,-0.5160,
NOG,MNDWI,44,-0.5311,-0.5333,-0.5289,
NOG,MNDWI,45,-0.5136,-0.5166,-0.5105,
NOG,MNDWI,46,-0.4906,-0.5008,-0.4804,
NOG,MNDWI,47,-0.4997,-0.4999,-0.4996,
NOG,MNDWI,48,-0.4941,-0.4960,-0.4922,
NOG,MNDWI,49,-0.5082,-0.5118,-0.5047,
NOG,MNDWI,50,-0.5046,-0.5090,-0.5002,
NOG,MNDWI,51,-0.4673,-0.4675,-0.4672,
NOG,MNDWI,52,-0.4808,-0.4876,-0.4739,
NOG,GNDVI,1,0.6425,0.6321,0.6530,0.6442
NOG,GNDVI,2,0.6180,0.6005,0.6355,0.6534
NOG,GNDVI,3,0.6321,0.6220,0.6422,0.6568
NOG,GNDVI,4,0.6241,0.6104,0.6377,0.6003
NOG,GNDVI,5,0.6331,0.6221,0.6441,0.6518
NOG,GNDVI,6,0.6455,0.6305,0.6604,0.6531
NOG,GNDVI,7,0.6372,0.6238,0.6505,0.6423
NOG,GNDVI,8,0.6207,0.6207,0.6207,0.6542
NOG,GNDVI,9,0.6342,0.6301,0.6382,0.6524
NOG,GNDVI,10,0.6318,0.6261,0.6376,0.6335
NOG,GNDVI,11,0.6336,0.6332,0.6340,0.6027
NOG,GNDVI,12,0.6304,0.6288,0.6320,0.6374
NOG,GNDVI,13,0.6226,0.6223,0.6228,0.6200
NOG,GNDVI,14,0.6609,0.6592,0.6627,0.6202
NOG,GNDVI,15,0.6752,0.6752,0.6752,0.6299
NOG,GNDVI,16,0.6804,0.6804,0.6804,
NOG,GNDVI,17,0.6705,0.6646,0.6764,
NOG,GNDVI,18,0.6545,0.6545,0.6545,0.6580
NOG,GNDVI,19,,,,0.5839
NOG,GNDVI,20,0.6227,0.6227,0.6227,
NOG,GNDVI,21,,,,
NOG,GNDVI,22,0.5404,0.5404,0.5404,
NOG,GNDVI,23,0.5792,0.5792,0.5792,
NOG,GNDVI,24,0.5624,0.5624,0.5624,
NOG,GNDVI,25,0.5961,0.5961,0.5961,
NOG,GNDVI,26,0.5481,0.5237,0.5724,
NOG,GNDVI,27,0.5616,0.5606,0.5626,
NOG,GNDVI,28,0.5688,0.5616,0.5761,
NOG,GNDVI,29,0.5551,0.5431,0.5672,
NOG,GNDVI,30,0.4972,0.4972,0.4972,
NOG,GNDVI,31,,,,
NOG,GNDVI,32,0.5620,0.5446,0.5795,
NOG,GNDVI,33,0.5588,0.5588,0.5588,
NOG,GNDVI,34,0.5407,0.5407,0.5407,
NOG,GNDVI,35,0.5915,0.5915,0.5915,
NOG,GNDVI,36,0.5819,0.5634,0.6004,
NOG,GNDVI,37,0.5853,0.5716,0.5989,
NOG,GNDVI,38,0.5928,0.5873,0.5982,
NOG,GNDVI,39,0.5568,0.5472,0.5663,
NOG,GNDVI,40,0.6194,0.6194,0.6194,
NOG,GNDVI,41,0.5916,0.5916,0.5916,
NOG,GNDVI,42,0.6619,0.6507,0.6731,
NOG,GNDVI,43,0.6826,0.6813,0.6839,
NOG,GNDVI,44,0.6907,0.6869,0.6945,
NOG,GNDVI,45,0.6945,0.6912,0.6979,
NOG,GNDVI,46,0.6748,0.6668,0.6828,
NOG,GNDVI,47,0.6754,0.6716,0.6792,
NOG,GNDVI,48,0.6574,0.6570,0.6577,
NOG,GNDVI,49,0.6697,0.6686,0.6709,
NOG,GNDVI,50,0.6786,0.6783,0.6790,
NOG,GNDVI,51,0.6482,0.6455,0.6508,
NOG,GNDVI,52,0.6619,0.6565,0.6673,
NOG,EVI,1,0.4389,0.4284,0.4494,0.4456
NOG,EVI,2,0.4198,0.4106,0.4290,0.4401
NOG,EVI,3,0.4085,0.4084,0.4086,0.4522
NOG,EVI,4,0.4093,0.3969,0.4217,0.4114
NOG,EVI,5,0.4110,0.4021,0.4199,0.4372
NOG,EVI,6,0.4179,0.4121,0.4237,0.4253
NOG,EVI,7,0.4048,0.3991,0.4105,0.3941
NOG,EVI,8,0.3392,0.3392,0.3392,0.4082
NOG,EVI,9,0.3638,0.3554,0.3722,0.4009
NOG,EVI,10,0.3548,0.3528,0.3569,0.3799
NOG,EVI,11,0.3511,0.3467,0.3555,0.3406
NOG,EVI,12,0.3407,0.3358,0.3457,0.3631
NOG,EVI,13,0.3408,0.3353,0.3462,0.3478
NOG,EVI,14,0.3759,0.3641,0.3877,0.3334
NOG,EVI,15,0.3685,0.3685,0.3685,0.2914
NOG,EVI,16,0.3673,0.3673,0.3673,
NOG,EVI,17,0.3472,0.3466,0.3478,
NOG,EVI,18,0.3431,0.3431,0.3431,0.3416
NOG,EVI,19,,,,0.4326
NOG,EVI,20,0.2905,0.2905,0.2905,
NOG,EVI,21,,,,
NOG,EVI,22,0.2627,0.2627,0.2627,
NOG,EVI,23,0.2460,0.2460,0.2460,
NOG,EVI,24,0.2462,0.2462,0.2462,
NOG,EVI,25,0.2544,0.2544,0.2544,
NOG,EVI,26,0.2519,0.2464,0.2575,
NOG,EVI,27,0.2553,0.2529,0.2577,
NOG,EVI,28,0.2594,0.2593,0.2596,
NOG,EVI,29,0.2639,0.2587,0.2690,
NOG,EVI,30,0.2205,0.2205,0.2205,
NOG,EVI,31,,,,
NOG,EVI,32,0.2706,0.2541,0.2871,
NOG,EVI,33,0.3164,0.3164,0.3164,
NOG,EVI,34,0.2747,0.2747,0.2747,
NOG,EVI,35,0.3429,0.3429,0.3429,
NOG,EVI,36,0.3249,0.3082,0.3416,
NOG,EVI,37,0.3324,0.3151,0.3497,
NOG,EVI,38,0.3246,0.3107,0.3385,
NOG,EVI,39,0.2953,0.2777,0.3128,
NOG,EVI,40,0.3872,0.3872,0.3872,
NOG,EVI,41,0.3327,0.3327,0.3327,
NOG,EVI,42,0.4235,0.4069,0.4400,
NOG,EVI,43,0.4651,0.4585,0.4716,
NOG,EVI,44,0.4823,0.4813,0.4833,
NOG,EVI,45,0.4771,0.4611,0.4930,
NOG,EVI,46,0.4829,0.4749,0.4909,
NOG,EVI,47,0.4878,0.4868,0.4888,
NOG,EVI,48,0.4660,0.4619,0.4701,
NOG,EVI,49,0.4621,0.4567,0.4674,
NOG,EVI,50,0.4851,0.4816,0.4885,
NOG,EVI,51,0.4676,0.4635,0.4717,
NOG,EVI,52,0.4657,0.4619,0.4694,
NOG,SAVI,1,0.4179,0.4099,0.4259,0.4291
NOG,SAVI,2,0.3930,0.3789,0.4071,0.4226
NOG,SAVI,3,0.3945,0.3906,0.3983,0.4290
NOG,SAVI,4,0.3904,0.3791,0.4017,0.3879
NOG,SAVI,5,0.3959,0.3875,0.4044,0.4177
NOG,SAVI,6,0.4028,0.3922,0.4133,0.4138
NOG,SAVI,7,0.3891,0.3872,0.3910,0.3927
NOG,SAVI,8,0.3373,0.3373,0.3373,0.4043
NOG,SAVI,9,0.3622,0.3565,0.3679,0.3962
NOG,SAVI,10,0.3530,0.3490,0.3571,0.3769
NOG,SAVI,11,0.3510,0.3496,0.3525,0.3424
NOG,SAVI,12,0.3421,0.3378,0.3463,0.3621
NOG,SAVI,13,0.3405,0.3391,0.3419,0.3489
NOG,SAVI,14,0.3727,0.3640,0.3814,0.3425
NOG,SAVI,15,0.3750,0.3750,0.3750,0.3014
NOG,SAVI,16,0.3670,0.3670,0.3670,
NOG,SAVI,17,0.3602,0.3559,0.3645,
NOG,SAVI,18,0.3509,0.3509,0.3509,0.3561
NOG,SAVI,19,,,,0.3996
NOG,SAVI,20,0.3103,0.3103,0.3103,
NOG,SAVI,21,,,,
NOG,SAVI,22,0.2665,0.2665,0.2665,
NOG,SAVI,23,0.2665,0.2665,0.2665,
NOG,SAVI,24,0.2496,0.2496,0.2496,
NOG,SAVI,25,0.2694,0.2694,0.2694,
NOG,SAVI,26,0.2541,0.2515,0.2567,
NOG,SAVI,27,0.2611,0.2593,0.2628,
NOG,SAVI,28,0.2683,0.2669,0.2697,
NOG,SAVI,29,0.2682,0.2681,0.2683,
NOG,SAVI,30,0.2190,0.2190,0.2190,
NOG,SAVI,31,,,,
NOG,SAVI,32,0.2740,0.2585,0.2895,
NOG,SAVI,33,0.3074,0.3074,0.3074,
NOG,SAVI,34,0.2718,0.2718,0.2718,
NOG,SAVI,35,0.3349,0.3349,0.3349,
NOG,SAVI,36,0.3214,0.3036,0.3392,
NOG,SAVI,37,0.3236,0.3086,0.3387,
NOG,SAVI,38,0.3253,0.3158,0.3348,
NOG,SAVI,39,0.2963,0.2828,0.3098,
NOG,SAVI,40,0.3748,0.3748,0.3748,
NOG,SAVI,41,0.3338,0.3338,0.3338,
NOG,SAVI,42,0.4196,0.4063,0.4330,
NOG,SAVI,43,0.4506,0.4503,0.4509,
NOG,SAVI,44,0.4659,0.4647,0.4671,
NOG,SAVI,45,0.4638,0.4532,0.4744,
NOG,SAVI,46,0.4599,0.4550,0.4648,
NOG,SAVI,47,0.4639,0.4624,0.4653,
NOG,SAVI,48,0.4453,0.4437,0.4469,
NOG,SAVI,49,0.4482,0.4464,0.4501,
NOG,SAVI,50,0.4612,0.4605,0.4618,
NOG,SAVI,51,0.4375,0.4365,0.4385,
NOG,SAVI,52,0.4413,0.4381,0.4446,
NOG,MSAVI,1,0.4059,0.3969,0.4150,0.4205
NOG,MSAVI,2,0.3764,0.3597,0.3932,0.4113
NOG,MSAVI,3,0.3776,0.3736,0.3816,0.4182
NOG,MSAVI,4,0.3720,0.3595,0.3844,0.3695
NOG,MSAVI,5,0.3771,0.3680,0.3862,0.4035
NOG,MSAVI,6,0.3844,0.3724,0.3965,0.3983
NOG,MSAVI,7,0.3692,0.3671,0.3714,0.3744
NOG,MSAVI,8,0.3089,0.3089,0.3089,0.3875
NOG,MSAVI,9,0.3370,0.3310,0.3429,0.3772
NOG,MSAVI,10,0.3256,0.3209,0.3302,0.3571
NOG,MSAVI,11,0.3229,0.3212,0.3246,0.3177
NOG,MSAVI,12,0.3128,0.3085,0.3171,0.3393
NOG,MSAVI,13,0.3110,0.3102,0.3118,0.3237
NOG,MSAVI,14,0.3475,0.3369,0.3580,0.3163
NOG,MSAVI,15,0.3497,0.3497,0.3497,0.2701
NOG,MSAVI,16,0.3400,0.3400,0.3400,
NOG,MSAVI,17,0.3325,0.3280,0.3369,
NOG,MSAVI,18,0.3212,0.3212,0.3212,0.3291
NOG,MSAVI,19,,,,0.3833
NOG,MSAVI,20,0.2796,0.2796,0.2796,
NOG,MSAVI,21,,,,
NOG,MSAVI,22,0.2394,0.2394,0.2394,
NOG,MSAVI,23,0.2378,0.2378,0.2378,
NOG,MSAVI,24,0.2182,0.2182,0.2182,
NOG,MSAVI,25,0.2386,0.2386,0.2386,
NOG,MSAVI,26,0.2235,0.2213,0.2258,
NOG,MSAVI,27,0.2309,0.2291,0.2326,
NOG,MSAVI,28,0.2379,0.2366,0.2392,
NOG,MSAVI,29,0.2392,0.2388,0.2396,
NOG,MSAVI,30,0.1889,0.1889,0.1889,
NOG,MSAVI,31,,,,
NOG,MSAVI,32,0.2434,0.2281,0.2587,
NOG,MSAVI,33,0.2762,0.2762,0.2762,
NOG,MSAVI,34,0.2442,0.2442,0.2442,
NOG,MSAVI,35,0.3060,0.3060,0.3060,
NOG,MSAVI,36,0.2946,0.2764,0.3128,
NOG,MSAVI,37,0.2967,0.2816,0.3118,
NOG,MSAVI,38,0.2984,0.2891,0.3077,
NOG,MSAVI,39,0.2680,0.2539,0.2821,
NOG,MSAVI,40,0.3520,0.3520,0.3520,
NOG,MSAVI,41,0.3089,0.3089,0.3089,
NOG,MSAVI,42,0.4119,0.3954,0.4284,
NOG,MSAVI,43,0.4499,0.4496,0.4502,
NOG,MSAVI,44,0.4698,0.4680,0.4715,
NOG,MSAVI,45,0.4654,0.4513,0.4795,
NOG,MSAVI,46,0.4586,0.4523,0.4648,
NOG,MSAVI,47,0.4644,0.4635,0.4654,
NOG,MSAVI,48,0.4417,0.4395,0.4439,
NOG,MSAVI,49,0.4445,0.4431,0.4460,
NOG,MSAVI,50,0.4601,0.4597,0.4605,
NOG,MSAVI,51,0.4284,0.4267,0.4300,
NOG,MSAVI,52,0.4333,0.4297,0.4369,
NOG,ARI,1,6.3112,6.1265,6.4960,7.2086
NOG,ARI,2,5.6916,5.1781,6.2051,6.9822
NOG,ARI,3,6.7894,6.2580,7.3209,6.6906
NOG,ARI,4,6.3235,6.0507,6.5962,6.2580
NOG,ARI,5,6.8503,6.4954,7.2052,7.0296
NOG,ARI,6,7.5650,6.6875,8.4425,7.4974
NOG,ARI,7,7.8923,6.9043,8.8803,8.5683
NOG,ARI,8,8.2244,8.2244,8.2244,8.0643
NOG,ARI,9,8.5682,8.2658,8.8706,8.4595
NOG,ARI,10,8.6470,8.2702,9.0239,8.5715
NOG,ARI,11,8.6013,8.4036,8.7990,8.4187
NOG,ARI,12,9.2603,8.9804,9.5402,8.7225
NOG,ARI,13,8.7564,8.3325,9.1804,8.5538
NOG,ARI,14,9.5495,9.2142,9.8848,9.8396
NOG,ARI,15,11.7176,11.7176,11.7176,12.2424
NOG,ARI,16,11.4031,11.4031,11.4031,
NOG,ARI,17,12.4267,11.7481,13.1054,
NOG,ARI,18,10.8695,10.8695,10.8695,11.7470
NOG,ARI,19,,,,4.7922
NOG,ARI,20,10.6844,10.6844,10.6844,
NOG,ARI,21,,,,
NOG,ARI,22,7.5367,7.5367,7.5367,
NOG,ARI,23,9.7704,9.7704,9.7704,
NOG,ARI,24,8.7665,8.7665,8.7665,
NOG,ARI,25,10.4887,10.4887,10.4887,
NOG,ARI,26,8.7174,7.1427,10.2922,
NOG,ARI,27,8.4579,8.3410,8.5747,
NOG,ARI,28,8.3116,8.0324,8.5907,
NOG,ARI,29,7.7405,6.9808,8.5002,
NOG,ARI,30,6.4625,6.4625,6.4625,
NOG,ARI,31,,,,
NOG,ARI,32,7.7411,7.5382,7.9439,
NOG,ARI,33,6.4347,6.4347,6.4347,
NOG,ARI,34,6.6039,6.6039,6.6039,
NOG,ARI,35,7.7038,7.7038,7.7038,
NOG,ARI,36,7.1404,6.5918,7.6889,
NOG,ARI,37,6.7664,6.5699,6.9629,
NOG,ARI,38,7.5244,7.3295,7.7193,
NOG,ARI,39,7.2013,7.1086,7.2940,
NOG,ARI,40,7.4331,7.4331,7.4331,
NOG,ARI,41,7.3874,7.3874,7.3874,
NOG,ARI,42,8.9527,8.9433,8.9621,
NOG,ARI,43,8.3121,8.0191,8.6051,
NOG,ARI,44,8.3394,8.1229,8.5560,
NOG,ARI,45,8.7962,8.3753,9.2170,
NOG,ARI,46,7.2278,7.1841,7.2716,
NOG,ARI,47,7.3246,7.3237,7.3256,
NOG,ARI,48,6.6839,6.5948,6.7730,
NOG,ARI,49,7.6773,7.3617,7.9930,
NOG,ARI,50,7.3533,7.0393,7.6673,
NOG,ARI,51,6.0245,5.8211,6.2279,
NOG,ARI,52,6.8219,6.6954,6.9483,
NOG,MARI,1,1.9130,1.8610,1.9649,2.2343
NOG,MARI,2,1.6479,1.4628,1.8329,2.0773
NOG,MARI,3,1.9354,1.7967,2.0741,1.9962
NOG,MARI,4,1.7940,1.7146,1.8733,1.8623
NOG,MARI,5,1.9161,1.8183,2.0139,2.0534
NOG,MARI,6,2.0735,1.8315,2.3156,2.1195
NOG,MARI,7,2.0866,1.8618,2.3114,2.3118
NOG,MARI,8,1.8719,1.8719,1.8719,2.1669
NOG,MARI,9,2.0838,2.0224,2.1452,2.2461
NOG,MARI,10,2.0021,1.8917,2.1124,2.2294
NOG,MARI,11,1.9483,1.9206,1.9759,2.0582
NOG,MARI,12,1.9421,1.9421,1.9422,2.0763
NOG,MARI,13,1.9557,1.8477,2.0636,1.9873
NOG,MARI,14,2.1473,2.1200,2.1745,2.2318
NOG,MARI,15,2.6136,2.6136,2.6136,2.1372
NOG,MARI,16,2.3537,2.3537,2.3537,
NOG,MARI,17,2.6261,2.4665,2.7858,
NOG,MARI,18,2.2728,2.2728,2.2728,2.5040
NOG,MARI,19,,,,1.4226
NOG,MARI,20,2.0726,2.0726,2.0726,
NOG,MARI,21,,,,
NOG,MARI,22,1.4818,1.4818,1.4818,
NOG,MARI,23,1.9033,1.9033,1.9033,
NOG,MARI,24,1.5328,1.5328,1.5328,
NOG,MARI,25,1.8489,1.8489,1.8489,
NOG,MARI,26,1.5804,1.3110,1.8498,
NOG,MARI,27,1.5634,1.5376,1.5892,
NOG,MARI,28,1.5491,1.5138,1.5844,
NOG,MARI,29,1.5127,1.3960,1.6295,
NOG,MARI,30,1.0930,1.0930,1.0930,
NOG,MARI,31,,,,
NOG,MARI,32,1.5076,1.4364,1.5788,
NOG,MARI,33,1.3847,1.3847,1.3847,
NOG,MARI,34,1.3248,1.3248,1.3248,
NOG,MARI,35,1.6980,1.6980,1.6980,
NOG,MARI,36,1.5789,1.4149,1.7428,
NOG,MARI,37,1.4961,1.4213,1.5708,
NOG,MARI,38,1.6939,1.6608,1.7271,
NOG,MARI,39,1.5343,1.4997,1.5688,
NOG,MARI,40,1.8874,1.8874,1.8874,
NOG,MARI,41,1.7201,1.7201,1.7201,
NOG,MARI,42,2.5915,2.5591,2.6239,
NOG,MARI,43,2.4995,2.4000,2.5990,
NOG,MARI,44,2.6775,2.6110,2.7440,
NOG,MARI,45,2.7521,2.7317,2.7724,
NOG,MARI,46,2.3294,2.3249,2.3340,
NOG,MARI,47,2.3848,2.3721,2.3974,
NOG,MARI,48,2.1320,2.1157,2.1482,
NOG,MARI,49,2.4352,2.3235,2.5469,
NOG,MARI,50,2.3325,2.2304,2.4345,
NOG,MARI,51,1.8782,1.8201,1.9363,
NOG,MARI,52,2.1095,2.0558,2.1633,
NOG,ARVI,1,0.6655,0.6532,0.6779,0.6616
NOG,ARVI,2,0.6389,0.6249,0.6529,0.6816
NOG,ARVI,3,0.6442,0.6312,0.6573,0.6891
NOG,ARVI,4,0.6457,0.6279,0.6636,0.6396
NOG,ARVI,5,0.6570,0.6410,0.6729,0.6887
NOG,ARVI,6,0.6745,0.6589,0.6902,0.6860
NOG,ARVI,7,0.6538,0.6437,0.6640,0.6562
NOG,ARVI,8,0.6208,0.6208,0.6208,0.6689
NOG,ARVI,9,0.6496,0.6381,0.6611,0.6795
NOG,ARVI,10,0.6442,0.6403,0.6481,0.6533
NOG,ARVI,11,0.6496,0.6493,0.6499,0.6139
NOG,ARVI,12,0.6521,0.6479,0.6563,0.6344
NOG,ARVI,13,0.6430,0.6358,0.6503,0.6343
NOG,ARVI,14,0.6873,0.6836,0.6911,0.6268
NOG,ARVI,15,0.6930,0.6930,0.6930,0.6243
NOG,ARVI,16,0.7124,0.7124,0.7124,
NOG,ARVI,17,0.6907,0.6893,0.6921,
NOG,ARVI,18,0.6592,0.6592,0.6592,0.6567
NOG,ARVI,19,,,,0.5935
NOG,ARVI,20,0.5782,0.5782,0.5782,
NOG,ARVI,21,,,,
NOG,ARVI,22,0.4800,0.4800,0.4800,
NOG,ARVI,23,0.5057,0.5057,0.5057,
NOG,ARVI,24,0.4981,0.4981,0.4981,
NOG,ARVI,25,0.5309,0.5309,0.5309,
NOG,ARVI,26,0.5028,0.4871,0.5185,
NOG,ARVI,27,0.5046,0.5027,0.5066,
NOG,ARVI,28,0.5026,0.5005,0.5047,
NOG,ARVI,29,0.4887,0.4827,0.4947,
NOG,ARVI,30,0.4427,0.4427,0.4427,
NOG,ARVI,31,,,,
NOG,ARVI,32,0.5216,0.5013,0.5419,
NOG,ARVI,33,0.5684,0.5684,0.5684,
NOG,ARVI,34,0.4910,0.4910,0.4910,
NOG,ARVI,35,0.5989,0.5989,0.5989,
NOG,ARVI,36,0.5596,0.5268,0.5924,
NOG,ARVI,37,0.5599,0.5317,0.5882,
NOG,ARVI,38,0.5735,0.5595,0.5876,
NOG,ARVI,39,0.5307,0.5087,0.5526,
NOG,ARVI,40,0.6270,0.6270,0.6270,
NOG,ARVI,41,0.5673,0.5673,0.5673,
NOG,ARVI,42,0.6790,0.6581,0.6999,
NOG,ARVI,43,0.7148,0.7116,0.7181,
NOG,ARVI,44,0.7272,0.7225,0.7319,
NOG,ARVI,45,0.7331,0.7320,0.7342,
NOG,ARVI,46,0.7079,0.6967,0.7192,
NOG,ARVI,47,0.7161,0.7102,0.7220,
NOG,ARVI,48,0.6876,0.6859,0.6893,
NOG,ARVI,49,0.7011,0.7010,0.7013,
NOG,ARVI,50,0.7160,0.7132,0.7189,
NOG,ARVI,51,0.6863,0.6847,0.6879,
NOG,ARVI,52,0.7006,0.6941,0.7071,
NOG,CHL_REDEDGE,1,1.8342,1.7463,1.9222,1.4901
NOG,CHL_REDEDGE,2,1.7164,1.6563,1.7765,1.9053
NOG,CHL_REDEDGE,3,1.6653,1.6139,1.7167,1.9558
NOG,CHL_REDEDGE,4,1.6873,1.5972,1.7774,1.3420
NOG,CHL_REDEDGE,5,1.6278,1.5775,1.6780,1.8613
NOG,CHL_REDEDGE,6,1.6273,1.6023,1.6523,1.7821
NOG,CHL_REDEDGE,7,1.4856,1.4481,1.5232,1.3405
NOG,CHL_REDEDGE,8,1.4343,1.4343,1.4343,1.6155
NOG,CHL_REDEDGE,9,1.4491,1.3242,1.5740,1.6539
NOG,CHL_REDEDGE,10,1.4556,1.4418,1.4694,1.3947
NOG,CHL_REDEDGE,11,1.4917,1.4633,1.5202,1.1246
NOG,CHL_REDEDGE,12,1.4434,1.4056,1.4813,1.4625
NOG,CHL_REDEDGE,13,1.3499,1.2503,1.4495,1.3441
NOG,CHL_REDEDGE,14,1.6581,1.6259,1.6904,1.0723
NOG,CHL_REDEDGE,15,1.4429,1.4429,1.4429,1.1991
NOG,CHL_REDEDGE,16,1.7787,1.7787,1.7787,
NOG,CHL_REDEDGE,17,1.3695,1.2769,1.4622,
NOG,CHL_REDEDGE,18,1.2692,1.2692,1.2692,1.1648
NOG,CHL_REDEDGE,19,,,,1.0848
NOG,CHL_REDEDGE,20,0.9365,0.9365,0.9365,
NOG,CHL_REDEDGE,21,,,,
NOG,CHL_REDEDGE,22,0.7060,0.7060,0.7060,
NOG,CHL_REDEDGE,23,0.7192,0.7192,0.7192,
NOG,CHL_REDEDGE,24,0.7907,0.7907,0.7907,
NOG,CHL_REDEDGE,25,0.8488,0.8488,0.8488,
NOG,CHL_REDEDGE,26,0.7357,0.7226,0.7487,
NOG,CHL_REDEDGE,27,0.7861,0.7600,0.8123,
NOG,CHL_REDEDGE,28,0.7953,0.7798,0.8109,
NOG,CHL_REDEDGE,29,0.7413,0.7188,0.7637,
NOG,CHL_REDEDGE,30,0.7013,0.7013,0.7013,
NOG,CHL_REDEDGE,31,,,,
NOG,CHL_REDEDGE,32,0.8822,0.8073,0.9571,
NOG,CHL_REDEDGE,33,1.0062,1.0062,1.0062,
NOG,CHL_REDEDGE,34,0.8233,0.8233,0.8233,
NOG,CHL_REDEDGE,35,0.9328,0.9328,0.9328,
NOG,CHL_REDEDGE,36,0.9693,0.9165,1.0221,
NOG,CHL_REDEDGE,37,1.0536,0.9706,1.1366,
NOG,CHL_REDEDGE,38,1.0337,0.9730,1.0943,
NOG,CHL_REDEDGE,39,0.8074,0.7019,0.9130,
NOG,CHL_REDEDGE,40,1.1993,1.1993,1.1993,
NOG,CHL_REDEDGE,41,0.9915,0.9915,0.9915,
NOG,CHL_REDEDGE,42,1.4866,1.3016,1.6716,
NOG,CHL_REDEDGE,43,1.9339,1.8784,1.9895,
NOG,CHL_REDEDGE,44,2.1224,2.0725,2.1723,
NOG,CHL_REDEDGE,45,2.1095,2.0591,2.1599,
NOG,CHL_REDEDGE,46,2.0276,1.8796,2.1756,
NOG,CHL_REDEDGE,47,2.0586,1.9875,2.1296,
NOG,CHL_REDEDGE,48,1.9674,1.9428,1.9920,
NOG,CHL_REDEDGE,49,1.9051,1.8428,1.9673,
NOG,CHL_REDEDGE,50,2.0635,2.0266,2.1004,
NOG,CHL_REDEDGE,51,1.9194,1.9117,1.9271,
NOG,CHL_REDEDGE,52,1.9675,1.8953,2.0397,
NOG,EVI2,1,0.4259,0.4180,0.4338,0.4391
NOG,EVI2,2,0.3982,0.3829,0.4136,0.4278
NOG,EVI2,3,0.3989,0.3963,0.4016,0.4355
NOG,EVI2,4,0.3936,0.3825,0.4048,0.3928
NOG,EVI2,5,0.3985,0.3905,0.4066,0.4219
NOG,EVI2,6,0.4044,0.3937,0.4152,0.4160
NOG,EVI2,7,0.3914,0.3904,0.3924,0.3942
NOG,EVI2,8,0.3318,0.3318,0.3318,0.4063
NOG,EVI2,9,0.3582,0.3528,0.3635,0.3956
NOG,EVI2,10,0.3470,0.3426,0.3514,0.3761
NOG,EVI2,11,0.3445,0.3427,0.3463,0.3389
NOG,EVI2,12,0.3350,0.3308,0.3391,0.3591
NOG,EVI2,13,0.3331,0.3326,0.3337,0.3439
NOG,EVI2,14,0.3659,0.3562,0.3756,0.3367
NOG,EVI2,15,0.3676,0.3676,0.3676,0.2904
NOG,EVI2,16,0.3563,0.3563,0.3563,
NOG,EVI2,17,0.3510,0.3464,0.3556,
NOG,EVI2,18,0.3426,0.3426,0.3426,0.3488
NOG,EVI2,19,,,,0.4130
NOG,EVI2,20,0.3028,0.3028,0.3028,
NOG,EVI2,21,,,,
NOG,EVI2,22,0.2638,0.2638,0.2638,
NOG,EVI2,23,0.2612,0.2612,0.2612,
NOG,EVI2,24,0.2419,0.2419,0.2419,
NOG,EVI2,25,0.2611,0.2611,0.2611,
NOG,EVI2,26,0.2468,0.2449,0.2487,
NOG,EVI2,27,0.2546,0.2528,0.2563,
NOG,EVI2,28,0.2621,0.2610,0.2632,
NOG,EVI2,29,0.2643,0.2636,0.2650,
NOG,EVI2,30,0.2117,0.2117,0.2117,
NOG,EVI2,31,,,,
NOG,EVI2,32,0.2677,0.2520,0.2833,
NOG,EVI2,33,0.3020,0.3020,0.3020,
NOG,EVI2,34,0.2687,0.2687,0.2687,
NOG,EVI2,35,0.3304,0.3304,0.3304,
NOG,EVI2,36,0.3185,0.3009,0.3361,
NOG,EVI2,37,0.3211,0.3063,0.3360,
NOG,EVI2,38,0.3227,0.3134,0.3321,
NOG,EVI2,39,0.2928,0.2789,0.3066,
NOG,EVI2,40,0.3749,0.3749,0.3749,
NOG,EVI2,41,0.3327,0.3327,0.3327,
NOG,EVI2,42,0.4254,0.4117,0.4391,
NOG,EVI2,43,0.4584,0.4583,0.4585,
NOG,EVI2,44,0.4762,0.4753,0.4771,
NOG,EVI2,45,0.4725,0.4583,0.4866,
NOG,EVI2,46,0.4714,0.4671,0.4757,
NOG,EVI2,47,0.4753,0.4745,0.4760,
NOG,EVI2,48,0.4557,0.4540,0.4573,
NOG,EVI2,49,0.4576,0.4554,0.4597,
NOG,EVI2,50,0.4712,0.4701,0.4723,
NOG,EVI2,51,0.4468,0.4452,0.4483,
NOG,EVI2,52,0.4496,0.4464,0.4527,
NOG,KNDVI,1,0.4064,0.3919,0.4209,0.4088
NOG,KNDVI,2,0.3779,0.3619,0.3939,0.4259
NOG,KNDVI,3,0.3845,0.3708,0.3983,0.4335
NOG,KNDVI,4,0.3829,0.3625,0.4034,0.3664
NOG,KNDVI,5,0.3961,0.3784,0.4138,0.4263
NOG,KNDVI,6,0.4157,0.3967,0.4348,0.4276
NOG,KNDVI,7,0.3935,0.3815,0.4054,0.3993
NOG,KNDVI,8,0.3581,0.3581,0.3581,0.4176
NOG,KNDVI,9,0.3876,0.3756,0.3996,0.4229
NOG,KNDVI,10,0.3856,0.3827,0.3886,0.3977
NOG,KNDVI,11,0.3905,0.3896,0.3914,0.3529
NOG,KNDVI,12,0.3910,0.3866,0.3954,0.3882
NOG,KNDVI,13,0.3779,0.3701,0.3858,0.3798
NOG,KNDVI,14,0.4328,0.4262,0.4395,0.3729
NOG,KNDVI,15,0.4429,0.4429,0.4429,0.3745
NOG,KNDVI,16,0.4620,0.4620,0.4620,
NOG,KNDVI,17,0.4353,0.4324,0.4383,
NOG,KNDVI,18,0.4044,0.4044,0.4044,0.4060
NOG,KNDVI,19,,,,0.3367
NOG,KNDVI,20,0.3241,0.3241,0.3241,
NOG,KNDVI,21,,,,
NOG,KNDVI,22,0.2301,0.2301,0.2301,
NOG,KNDVI,23,0.2471,0.2471,0.2471,
NOG,KNDVI,24,0.2379,0.2379,0.2379,
NOG,KNDVI,25,0.2761,0.2761,0.2761,
NOG,KNDVI,26,0.2407,0.2288,0.2526,
NOG,KNDVI,27,0.2463,0.2425,0.2501,
NOG,KNDVI,28,0.2489,0.2451,0.2526,
NOG,KNDVI,29,0.2353,0.2293,0.2413,
NOG,KNDVI,30,0.1888,0.1888,0.1888,
NOG,KNDVI,31,,,,
NOG,KNDVI,32,0.2594,0.2365,0.2823,
NOG,KNDVI,33,0.3010,0.3010,0.3010,
NOG,KNDVI,34,0.2389,0.2389,0.2389,
NOG,KNDVI,35,0.3406,0.3406,0.3406,
NOG,KNDVI,36,0.3091,0.2790,0.3392,
NOG,KNDVI,37,0.3109,0.2852,0.3367,
NOG,KNDVI,38,0.3155,0.3005,0.3304,
NOG,KNDVI,39,0.2725,0.2521,0.2928,
NOG,KNDVI,40,0.3735,0.3735,0.3735,
NOG,KNDVI,41,0.3158,0.3158,0.3158,
NOG,KNDVI,42,0.4241,0.4024,0.4458,
NOG,KNDVI,43,0.4668,0.4636,0.4701,
NOG,KNDVI,44,0.4765,0.4726,0.4804,
NOG,KNDVI,45,0.4850,0.4845,0.4854,
NOG,KNDVI,46,0.4592,0.4478,0.4707,
NOG,KNDVI,47,0.4657,0.4604,0.4710,
NOG,KNDVI,48,0.4370,0.4348,0.4392,
NOG,KNDVI,49,0.4488,0.4473,0.4503,
NOG,KNDVI,50,0.4672,0.4661,0.4682,
NOG,KNDVI,51,0.4308,0.4294,0.4321,
NOG,KNDVI,52,0.4442,0.4379,0.4505,
NOG,MCARI,1,0.0746,0.0745,0.0747,0.1136
NOG,MCARI,2,0.0632,0.0577,0.0687,0.0830
NOG,MCARI,3,0.0704,0.0664,0.0744,0.0797
NOG,MCARI,4,0.0669,0.0642,0.0696,0.0986
NOG,MCARI,5,0.0759,0.0705,0.0813,0.0838
NOG,MCARI,6,0.0861,0.0728,0.0995,0.0868
NOG,MCARI,7,0.0832,0.0741,0.0923,0.1076
NOG,MCARI,8,0.0561,0.0561,0.0561,0.0860
NOG,MCARI,9,0.0774,0.0734,0.0814,0.0892
NOG,MCARI,10,0.0694,0.0651,0.0737,0.1006
NOG,MCARI,11,0.0649,0.0625,0.0673,0.0940
NOG,MCARI,12,0.0652,0.0646,0.0658,0.0721
NOG,MCARI,13,0.0730,0.0673,0.0787,0.0802
NOG,MCARI,14,0.0737,0.0712,0.0763,0.1068
NOG,MCARI,15,0.1006,0.1006,0.1006,0.0680
NOG,MCARI,16,0.0787,0.0787,0.0787,
NOG,MCARI,17,0.1019,0.0908,0.1130,
NOG,MCARI,18,0.0800,0.0800,0.0800,0.1056
NOG,MCARI,19,,,,0.0863
NOG,MCARI,20,0.0660,0.0660,0.0660,
NOG,MCARI,21,,,,
NOG,MCARI,22,0.0527,0.0527,0.0527,
NOG,MCARI,23,0.0600,0.0600,0.0600,
NOG,MCARI,24,0.0383,0.0383,0.0383,
NOG,MCARI,25,0.0499,0.0499,0.0499,
NOG,MCARI,26,0.0518,0.0453,0.0584,
NOG,MCARI,27,0.0459,0.0443,0.0475,
NOG,MCARI,28,0.0430,0.0416,0.0444,
NOG,MCARI,29,0.0465,0.0437,0.0492,
NOG,MCARI,30,0.0292,0.0292,0.0292,
NOG,MCARI,31,,,,
NOG,MCARI,32,0.0454,0.0434,0.0473,
NOG,MCARI,33,0.0591,0.0591,0.0591,
NOG,MCARI,34,0.0432,0.0432,0.0432,
NOG,MCARI,35,0.0859,0.0859,0.0859,
NOG,MCARI,36,0.0655,0.0542,0.0768,
NOG,MCARI,37,0.0549,0.0494,0.0604,
NOG,MCARI,38,0.0650,0.0650,0.0651,
NOG,MCARI,39,0.0674,0.0654,0.0693,
NOG,MCARI,40,0.0910,0.0910,0.0910,
NOG,MCARI,41,0.0764,0.0764,0.0764,
NOG,MCARI,42,0.1437,0.1420,0.1454,
NOG,MCARI,43,0.1293,0.1247,0.1340,
NOG,MCARI,44,0.1308,0.1299,0.1317,
NOG,MCARI,45,0.1357,0.1219,0.1495,
NOG,MCARI,46,0.1057,0.1021,0.1094,
NOG,MCARI,47,0.1143,0.1093,0.1194,
NOG,MCARI,48,0.0949,0.0936,0.0962,
NOG,MCARI,49,0.1129,0.1018,0.1239,
NOG,MCARI,50,0.1091,0.0978,0.1204,
NOG,MCARI,51,0.0831,0.0824,0.0838,
NOG,MCARI,52,0.0890,0.0885,0.0896,
NOG,MSI,1,0.5955,0.5933,0.5977,0.6393
NOG,MSI,2,0.6076,0.5853,0.6299,0.6308
NOG,MSI,3,0.6382,0.6354,0.6411,0.6091
NOG,MSI,4,0.6338,0.6255,0.6420,0.6724
NOG,MSI,5,0.6187,0.6161,0.6214,0.6248
NOG,MSI,6,0.6084,0.6059,0.6110,0.6385
NOG,MSI,7,0.6267,0.6228,0.6306,0.6643
NOG,MSI,8,0.7043,0.7043,0.7043,0.6291
NOG,MSI,9,0.6676,0.6475,0.6878,0.6332
NOG,MSI,10,0.6803,0.6794,0.6811,0.6551
NOG,MSI,11,0.6667,0.6633,0.6701,0.7039
NOG,MSI,12,0.6650,0.6594,0.6706,0.6600
NOG,MSI,13,0.6854,0.6711,0.6996,0.6790
NOG,MSI,14,0.6262,0.6191,0.6333,0.7004
NOG,MSI,15,0.6440,0.6440,0.6440,0.6623
NOG,MSI,16,0.6004,0.6004,0.6004,
NOG,MSI,17,0.6554,0.6496,0.6611,
NOG,MSI,18,0.6859,0.6859,0.6859,0.6823
NOG,MSI,19,,,,0.6515
NOG,MSI,20,0.7786,0.7786,0.7786,
NOG,MSI,21,,,,
NOG,MSI,22,0.9683,0.9683,0.9683,
NOG,MSI,23,1.1088,1.1088,1.1088,
NOG,MSI,24,1.0640,1.0640,1.0640,
NOG,MSI,25,0.9652,0.9652,0.9652,
NOG,MSI,26,1.0233,1.0225,1.0241,
NOG,MSI,27,1.0574,1.0509,1.0639,
NOG,MSI,28,1.0224,1.0170,1.0278,
NOG,MSI,29,1.0384,1.0364,1.0405,
NOG,MSI,30,1.0043,1.0043,1.0043,
NOG,MSI,31,,,,
NOG,MSI,32,0.9931,0.9628,1.0234,
NOG,MSI,33,0.8974,0.8974,0.8974,
NOG,MSI,34,1.0358,1.0358,1.0358,
NOG,MSI,35,0.8559,0.8559,0.8559,
NOG,MSI,36,0.8884,0.8458,0.9310,
NOG,MSI,37,0.8651,0.8317,0.8984,
NOG,MSI,38,0.8722,0.8429,0.9015,
NOG,MSI,39,0.9418,0.8822,1.0013,
NOG,MSI,40,0.7441,0.7441,0.7441,
NOG,MSI,41,0.8466,0.8466,0.8466,
NOG,MSI,42,0.7018,0.6691,0.7345,
NOG,MSI,43,0.6004,0.5930,0.6077,
NOG,MSI,44,0.5930,0.5877,0.5984,
NOG,MSI,45,0.5566,0.5542,0.5591,
NOG,MSI,46,0.5644,0.5627,0.5661,
NOG,MSI,47,0.5773,0.5692,0.5854,
NOG,MSI,48,0.6103,0.6075,0.6130,
NOG,MSI,49,0.6040,0.5963,0.6117,
NOG,MSI,50,0.5793,0.5728,0.5858,
NOG,MSI,51,0.5874,0.5817,0.5931,
NOG,MSI,52,0.5828,0.5786,0.5869,
NOG,NDMISTRESS,1,0.2806,0.2795,0.2817,0.2426
NOG,NDMISTRESS,2,0.2729,0.2589,0.2869,0.2543
NOG,NDMISTRESS,3,0.2508,0.2473,0.2543,0.2674
NOG,NDMISTRESS,4,0.2572,0.2538,0.2607,0.2416
NOG,NDMISTRESS,5,0.2652,0.2646,0.2657,0.2649
NOG,NDMISTRESS,6,0.2702,0.2693,0.2711,0.2497
NOG,NDMISTRESS,7,0.2575,0.2544,0.2606,0.2289
NOG,NDMISTRESS,8,0.2062,0.2062,0.2062,0.2445
NOG,NDMISTRESS,9,0.2324,0.2195,0.2454,0.2551
NOG,NDMISTRESS,10,0.2180,0.2164,0.2196,0.2415
NOG,NDMISTRESS,11,0.2277,0.2254,0.2300,0.2157
NOG,NDMISTRESS,12,0.2312,0.2274,0.2349,0.2233
NOG,NDMISTRESS,13,0.2212,0.2133,0.2290,0.2233
NOG,NDMISTRESS,14,0.2533,0.2514,0.2552,0.2043
NOG,NDMISTRESS,15,0.2358,0.2358,0.2358,0.2220
NOG,NDMISTRESS,16,0.2699,0.2699,0.2699,
NOG,NDMISTRESS,17,0.2363,0.2298,0.2429,
NOG,NDMISTRESS,18,0.2081,0.2081,0.2081,0.2085
NOG,NDMISTRESS,19,,,,0.2180
NOG,NDMISTRESS,20,0.1414,0.1414,0.1414,
NOG,NDMISTRESS,21,,,,
NOG,NDMISTRESS,22,0.0458,0.0458,0.0458,
NOG,NDMISTRESS,23,-0.0074,-0.0074,-0.0074,
NOG,NDMISTRESS,24,0.0030,0.0030,0.0030,
NOG,NDMISTRESS,25,0.0502,0.0502,0.0502,
NOG,NDMISTRESS,26,0.0273,0.0207,0.0338,
NOG,NDMISTRESS,27,0.0050,0.0041,0.0059,
NOG,NDMISTRESS,28,0.0129,0.0073,0.0185,
NOG,NDMISTRESS,29,0.0054,0.0051,0.0056,
NOG,NDMISTRESS,30,0.0264,0.0264,0.0264,
NOG,NDMISTRESS,31,,,,
NOG,NDMISTRESS,32,0.0362,0.0282,0.0442,
NOG,NDMISTRESS,33,0.0832,0.0832,0.0832,
NOG,NDMISTRESS,34,0.0074,0.0074,0.0074,
NOG,NDMISTRESS,35,0.0950,0.0950,0.0950,
NOG,NDMISTRESS,36,0.0761,0.0515,0.1007,
NOG,NDMISTRESS,37,0.0832,0.0639,0.1025,
NOG,NDMISTRESS,38,0.0932,0.0812,0.1051,
NOG,NDMISTRESS,39,0.0597,0.0275,0.0920,
NOG,NDMISTRESS,40,0.1597,0.1597,0.1597,
NOG,NDMISTRESS,41,0.0958,0.0958,0.0958,
NOG,NDMISTRESS,42,0.2030,0.1800,0.2260,
NOG,NDMISTRESS,43,0.2649,0.2602,0.2696,
NOG,NDMISTRESS,44,0.2795,0.2741,0.2850,
NOG,NDMISTRESS,45,0.3051,0.3027,0.3074,
NOG,NDMISTRESS,46,0.2966,0.2957,0.2975,
NOG,NDMISTRESS,47,0.2923,0.2864,0.2982,
NOG,NDMISTRESS,48,0.2677,0.2654,0.2699,
NOG,NDMISTRESS,49,0.2740,0.2720,0.2760,
NOG,NDMISTRESS,50,0.2851,0.2839,0.2862,
NOG,NDMISTRESS,51,0.2842,0.2796,0.2888,
NOG,NDMISTRESS,52,0.2911,0.2869,0.2953,
NOG,NDII,1,0.2584,0.2568,0.2599,0.2286
NOG,NDII,2,0.2508,0.2344,0.2673,0.2348
NOG,NDII,3,0.2275,0.2250,0.2299,0.2479
NOG,NDII,4,0.2299,0.2242,0.2356,0.2018
NOG,NDII,5,0.2397,0.2379,0.2415,0.2365
NOG,NDII,6,0.2472,0.2453,0.2491,0.2263
NOG,NDII,7,0.2339,0.2317,0.2361,0.2087
NOG,NDII,8,0.1792,0.1792,0.1792,0.2337
NOG,NDII,9,0.2041,0.1903,0.2179,0.2303
NOG,NDII,10,0.1958,0.1953,0.1964,0.2154
NOG,NDII,11,0.2045,0.2020,0.2070,0.1817
NOG,NDII,12,0.2056,0.2018,0.2094,0.2113
NOG,NDII,13,0.1905,0.1809,0.2000,0.1990
NOG,NDII,14,0.2343,0.2284,0.2401,0.1839
NOG,NDII,15,0.2226,0.2226,0.2226,0.2104
NOG,NDII,16,0.2560,0.2560,0.2560,
NOG,NDII,17,0.2138,0.2092,0.2184,
NOG,NDII,18,0.1907,0.1907,0.1907,0.1961
NOG,NDII,19,,,,0.2117
NOG,NDII,20,0.1300,0.1300,0.1300,
NOG,NDII,21,,,,
NOG,NDII,22,0.0275,0.0275,0.0275,
NOG,NDII,23,-0.0388,-0.0388,-0.0388,
NOG,NDII,24,-0.0214,-0.0214,-0.0214,
NOG,NDII,25,0.0309,0.0309,0.0309,
NOG,NDII,26,-0.0007,-0.0019,0.0005,
NOG,NDII,27,-0.0165,-0.0199,-0.0130,
NOG,NDII,28,-0.0015,-0.0045,0.0014,
NOG,NDII,29,-0.0100,-0.0107,-0.0094,
NOG,NDII,30,0.0043,0.0043,0.0043,
NOG,NDII,31,,,,
NOG,NDII,32,0.0120,-0.0025,0.0265,
NOG,NDII,33,0.0595,0.0595,0.0595,
NOG,NDII,34,-0.0069,-0.0069,-0.0069,
NOG,NDII,35,0.0835,0.0835,0.0835,
NOG,NDII,36,0.0693,0.0465,0.0920,
NOG,NDII,37,0.0807,0.0628,0.0986,
NOG,NDII,38,0.0768,0.0615,0.0921,
NOG,NDII,39,0.0416,0.0099,0.0733,
NOG,NDII,40,0.1506,0.1506,0.1506,
NOG,NDII,41,0.0884,0.0884,0.0884,
NOG,NDII,42,0.1857,0.1623,0.2090,
NOG,NDII,43,0.2589,0.2534,0.2644,
NOG,NDII,44,0.2651,0.2607,0.2695,
NOG,NDII,45,0.2933,0.2915,0.2950,
NOG,NDII,46,0.2853,0.2840,0.2866,
NOG,NDII,47,0.2768,0.2715,0.2822,
NOG,NDII,48,0.2536,0.2516,0.2557,
NOG,NDII,49,0.2563,0.2512,0.2615,
NOG,NDII,50,0.2742,0.2703,0.2781,
NOG,NDII,51,0.2662,0.2624,0.2699,
NOG,NDII,52,0.2687,0.2660,0.2715,
NOG,NDCI,1,0.2817,0.2747,0.2887,0.3346
NOG,NDCI,2,0.2530,0.2398,0.2662,0.3100
NOG,NDCI,3,0.2740,0.2582,0.2898,0.3047
NOG,NDCI,4,0.2696,0.2564,0.2828,0.3112
NOG,NDCI,5,0.2891,0.2719,0.3062,0.3119
NOG,NDCI,6,0.3132,0.2830,0.3434,0.3201
NOG,NDCI,7,0.3022,0.2793,0.3251,0.3413
NOG,NDCI,8,0.2609,0.2609,0.2609,0.3176
NOG,NDCI,9,0.3058,0.3026,0.3089,0.3310
NOG,NDCI,10,0.2951,0.2876,0.3026,0.3368
NOG,NDCI,11,0.2927,0.2863,0.2991,0.3201
NOG,NDCI,12,0.3010,0.3003,0.3017,0.2966
NOG,NDCI,13,0.3051,0.2981,0.3120,0.3121
NOG,NDCI,14,0.3249,0.3206,0.3291,0.3498
NOG,NDCI,15,0.3742,0.3742,0.3742,0.3194
NOG,NDCI,16,0.3547,0.3547,0.3547,
NOG,NDCI,17,0.3771,0.3611,0.3932,
NOG,NDCI,18,0.3321,0.3321,0.3321,0.3611
NOG,NDCI,19,,,,0.2663
NOG,NDCI,20,0.2828,0.2828,0.2828,
NOG,NDCI,21,,,,
NOG,NDCI,22,0.2139,0.2139,0.2139,
NOG,NDCI,23,0.2422,0.2422,0.2422,
NOG,NDCI,24,0.2018,0.2018,0.2018,
NOG,NDCI,25,0.2388,0.2388,0.2388,
NOG,NDCI,26,0.2281,0.2059,0.2503,
NOG,NDCI,27,0.2163,0.2135,0.2191,
NOG,NDCI,28,0.2083,0.2061,0.2105,
NOG,NDCI,29,0.2076,0.1967,0.2185,
NOG,NDCI,30,0.1623,0.1623,0.1623,
NOG,NDCI,31,,,,
NOG,NDCI,32,0.2163,0.2072,0.2254,
NOG,NDCI,33,0.2518,0.2518,0.2518,
NOG,NDCI,34,0.1987,0.1987,0.1987,
NOG,NDCI,35,0.3088,0.3088,0.3088,
NOG,NDCI,36,0.2560,0.2246,0.2875,
NOG,NDCI,37,0.2383,0.2193,0.2573,
NOG,NDCI,38,0.2627,0.2589,0.2665,
NOG,NDCI,39,0.2572,0.2502,0.2642,
NOG,NDCI,40,0.3086,0.3086,0.3086,
NOG,NDCI,41,0.2686,0.2686,0.2686,
NOG,NDCI,42,0.3725,0.3658,0.3793,
NOG,NDCI,43,0.3723,0.3693,0.3753,
NOG,NDCI,44,0.3770,0.3745,0.3796,
NOG,NDCI,45,0.3896,0.3818,0.3974,
NOG,NDCI,46,0.3457,0.3453,0.3462,
NOG,NDCI,47,0.3583,0.3556,0.3610,
NOG,NDCI,48,0.3247,0.3228,0.3266,
NOG,NDCI,49,0.3512,0.3391,0.3634,
NOG,NDCI,50,0.3522,0.3378,0.3665,
NOG,NDCI,51,0.3042,0.3008,0.3076,
NOG,NDCI,52,0.3231,0.3212,0.3250,
NOG,PSSRB1,1,5.7546,5.4598,6.0493,6.0796
NOG,PSSRB1,2,5.1484,4.7858,5.5111,6.5084
NOG,PSSRB1,3,5.3766,5.0518,5.7014,6.4536
NOG,PSSRB1,4,5.1752,4.8210,5.5293,4.7485
NOG,PSSRB1,5,5.3021,5.0040,5.6001,6.2140
NOG,PSSRB1,6,5.6716,5.2505,6.0926,6.2867
NOG,PSSRB1,7,5.2622,4.9975,5.5269,5.7065
NOG,PSSRB1,8,4.7048,4.7048,4.7048,6.0498
NOG,PSSRB1,9,5.1455,4.9645,5.3264,6.1891
NOG,PSSRB1,10,5.1202,5.0510,5.1894,5.6901
NOG,PSSRB1,11,5.1155,5.0652,5.1658,4.7256
NOG,PSSRB1,12,5.1369,5.0927,5.1812,5.5711
NOG,PSSRB1,13,4.8115,4.7217,4.9013,5.3245
NOG,PSSRB1,14,6.0649,5.8440,6.2858,5.2065
NOG,PSSRB1,15,6.4525,6.4525,6.4525,5.1675
NOG,PSSRB1,16,6.9653,6.9653,6.9653,
NOG,PSSRB1,17,6.1425,6.0837,6.2012,
NOG,PSSRB1,18,5.2025,5.2025,5.2025,5.7119
NOG,PSSRB1,19,,,,3.9939
NOG,PSSRB1,20,4.0070,4.0070,4.0070,
NOG,PSSRB1,21,,,,
NOG,PSSRB1,22,3.1074,3.1074,3.1074,
NOG,PSSRB1,23,3.3152,3.3152,3.3152,
NOG,PSSRB1,24,3.0625,3.0625,3.0625,
NOG,PSSRB1,25,3.6163,3.6163,3.6163,
NOG,PSSRB1,26,3.1211,2.9827,3.2596,
NOG,PSSRB1,27,3.1555,3.1206,3.1904,
NOG,PSSRB1,28,3.1741,3.1299,3.2183,
NOG,PSSRB1,29,3.0308,2.9722,3.0893,
NOG,PSSRB1,30,2.6000,2.6000,2.6000,
NOG,PSSRB1,31,,,,
NOG,PSSRB1,32,3.2737,3.0560,3.4914,
NOG,PSSRB1,33,3.6306,3.6306,3.6306,
NOG,PSSRB1,34,3.1236,3.1236,3.1236,
NOG,PSSRB1,35,4.1188,4.1188,4.1188,
NOG,PSSRB1,36,3.8724,3.5441,4.2006,
NOG,PSSRB1,37,3.8665,3.6022,4.1309,
NOG,PSSRB1,38,3.9600,3.8337,4.0864,
NOG,PSSRB1,39,3.4816,3.2432,3.7200,
NOG,PSSRB1,40,4.8173,4.8173,4.8173,
NOG,PSSRB1,41,4.1417,4.1417,4.1417,
NOG,PSSRB1,42,7.2891,6.5220,8.0563,
NOG,PSSRB1,43,8.8961,8.8466,8.9456,
NOG,PSSRB1,44,9.5445,9.2078,9.8812,
NOG,PSSRB1,45,9.6575,9.4345,9.8806,
NOG,PSSRB1,46,7.6172,7.1430,8.0914,
NOG,PSSRB1,47,8.0567,8.0033,8.1102,
NOG,PSSRB1,48,7.1480,7.0496,7.2465,
NOG,PSSRB1,49,7.4966,7.3205,7.6727,
NOG,PSSRB1,50,8.0152,7.6214,8.4090,
NOG,PSSRB1,51,6.1756,6.1428,6.2084,
NOG,PSSRB1,52,6.6544,6.5313,6.7775,
NOG,SIPI1,1,1.1696,1.1590,1.1802,1.1709
NOG,SIPI1,2,1.1780,1.1771,1.1789,1.1788
NOG,SIPI1,3,1.1867,1.1782,1.1952,1.1583
NOG,SIPI1,4,1.1721,1.1585,1.1857,1.1577
NOG,SIPI1,5,1.1601,1.1490,1.1711,1.1657
NOG,SIPI1,6,1.1483,1.1450,1.1517,1.1639
NOG,SIPI1,7,1.1650,1.1575,1.1725,1.1891
NOG,SIPI1,8,1.2215,1.2215,1.2215,1.1779
NOG,SIPI1,9,1.1869,1.1733,1.2006,1.1836
NOG,SIPI1,10,1.1918,1.1860,1.1977,1.2185
NOG,SIPI1,11,1.1798,1.1796,1.1801,1.2494
NOG,SIPI1,12,1.1853,1.1793,1.1912,1.2453
NOG,SIPI1,13,1.1820,1.1702,1.1938,1.2345
NOG,SIPI1,14,1.1646,1.1606,1.1686,1.2442
NOG,SIPI1,15,1.1755,1.1755,1.1755,1.2532
NOG,SIPI1,16,1.1658,1.1658,1.1658,
NOG,SIPI1,17,1.1941,1.1913,1.1969,
NOG,SIPI1,18,1.2100,1.2100,1.2100,1.2317
NOG,SIPI1,19,,,,1.1761
NOG,SIPI1,20,1.3321,1.3321,1.3321,
NOG,SIPI1,21,,,,
NOG,SIPI1,22,1.3738,1.3738,1.3738,
NOG,SIPI1,23,1.4520,1.4520,1.4520,
NOG,SIPI1,24,1.3311,1.3311,1.3311,
NOG,SIPI1,25,1.3132,1.3132,1.3132,
NOG,SIPI1,26,1.3007,1.2770,1.3244,
NOG,SIPI1,27,1.3268,1.3191,1.3346,
NOG,SIPI1,28,1.3325,1.3197,1.3452,
NOG,SIPI1,29,1.3404,1.3351,1.3457,
NOG,SIPI1,30,1.3987,1.3987,1.3987,
NOG,SIPI1,31,,,,
NOG,SIPI1,32,1.2994,1.2772,1.3216,
NOG,SIPI1,33,1.1504,1.1504,1.1504,
NOG,SIPI1,34,1.3331,1.3331,1.3331,
NOG,SIPI1,35,1.1367,1.1367,1.1367,
NOG,SIPI1,36,1.2350,1.1991,1.2709,
NOG,SIPI1,37,1.2336,1.2003,1.2669,
NOG,SIPI1,38,1.2529,1.2235,1.2822,
NOG,SIPI1,39,1.2804,1.2464,1.3143,
NOG,SIPI1,40,1.1922,1.1922,1.1922,
NOG,SIPI1,41,1.2672,1.2672,1.2672,
NOG,SIPI1,42,1.1890,1.1678,1.2102,
NOG,SIPI1,43,1.1596,1.1483,1.1709,
NOG,SIPI1,44,1.1609,1.1536,1.1682,
NOG,SIPI1,45,1.1478,1.1459,1.1498,
NOG,SIPI1,46,1.1351,1.1348,1.1355,
NOG,SIPI1,47,1.1528,1.1433,1.1623,
NOG,SIPI1,48,1.1708,1.1642,1.1775,
NOG,SIPI1,49,1.1671,1.1555,1.1788,
NOG,SIPI1,50,1.1476,1.1418,1.1535,
NOG,SIPI1,51,1.1375,1.1319,1.1432,
NOG,SIPI1,52,1.1423,1.1372,1.1473,
NOG,LAI,1,1.4543,1.4156,1.4930,1.2887
NOG,LAI,2,1.3844,1.3278,1.4409,1.4437
NOG,LAI,3,1.3324,1.2917,1.3731,1.4816
NOG,LAI,4,1.3554,1.3075,1.4032,1.2153
NOG,LAI,5,1.3618,1.3281,1.3954,1.4583
NOG,LAI,6,1.3972,1.3836,1.4107,1.3981
NOG,LAI,7,1.3077,1.3013,1.3141,1.2211
NOG,LAI,8,1.1644,1.1644,1.1644,1.3354
NOG,LAI,9,1.2458,1.1865,1.3052,1.3932
NOG,LAI,10,1.2065,1.1983,1.2146,1.2711
NOG,LAI,11,1.2367,1.2302,1.2432,1.1146
NOG,LAI,12,1.2174,1.1960,1.2388,1.2271
NOG,LAI,13,1.1740,1.1365,1.2115,1.1952
NOG,LAI,14,1.3540,1.3305,1.3776,1.0802
NOG,LAI,15,1.2858,1.2858,1.2858,1.0155
NOG,LAI,16,1.3984,1.3984,1.3984,
NOG,LAI,17,1.2417,1.2197,1.2638,
NOG,LAI,18,1.1490,1.1490,1.1490,1.1295
NOG,LAI,19,,,,0.9926
NOG,LAI,20,0.8824,0.8824,0.8824,
NOG,LAI,21,,,,
NOG,LAI,22,0.6208,0.6208,0.6208,
NOG,LAI,23,0.5741,0.5741,0.5741,
NOG,LAI,24,0.5589,0.5589,0.5589,
NOG,LAI,25,0.6757,0.6757,0.6757,
NOG,LAI,26,0.5921,0.5701,0.6140,
NOG,LAI,27,0.5734,0.5680,0.5788,
NOG,LAI,28,0.5890,0.5858,0.5922,
NOG,LAI,29,0.5630,0.5607,0.5653,
NOG,LAI,30,0.4954,0.4954,0.4954,
NOG,LAI,31,,,,
NOG,LAI,32,0.6559,0.6078,0.7040,
NOG,LAI,33,0.7963,0.7963,0.7963,
NOG,LAI,34,0.5797,0.5797,0.5797,
NOG,LAI,35,0.8293,0.8293,0.8293,
NOG,LAI,36,0.7767,0.7001,0.8533,
NOG,LAI,37,0.8048,0.7356,0.8741,
NOG,LAI,38,0.8306,0.7904,0.8707,
NOG,LAI,39,0.6937,0.6066,0.7808,
NOG,LAI,40,1.0041,1.0041,1.0041,
NOG,LAI,41,0.7947,0.7947,0.7947,
NOG,LAI,42,1.2056,1.0918,1.3194,
NOG,LAI,43,1.4808,1.4573,1.5043,
NOG,LAI,44,1.5904,1.5554,1.6253,
NOG,LAI,45,1.6370,1.6235,1.6505,
NOG,LAI,46,1.5728,1.5173,1.6283,
NOG,LAI,47,1.6048,1.5729,1.6366,
NOG,LAI,48,1.4997,1.4880,1.5114,
NOG,LAI,49,1.5077,1.4919,1.5235,
NOG,LAI,50,1.5826,1.5809,1.5843,
NOG,LAI,51,1.5066,1.4999,1.5134,
NOG,LAI,52,1.5492,1.5088,1.5896,
NOG,LEAF_CHL,1,76.6534,73.2433,80.0635,63.8825
NOG,LEAF_CHL,2,70.3703,66.7262,74.0144,78.1150
NOG,LEAF_CHL,3,68.5818,66.4080,70.7555,79.9559
NOG,LEAF_CHL,4,69.0367,65.6608,72.4126,56.6423
NOG,LEAF_CHL,5,66.9703,65.0895,68.8510,76.5328
NOG,LEAF_CHL,6,67.0615,66.7843,67.3386,72.2492
NOG,LEAF_CHL,7,61.7626,61.0299,62.4954,56.3215
NOG,LEAF_CHL,8,56.2554,56.2554,56.2554,66.0732
NOG,LEAF_CHL,9,58.1160,54.1277,62.1043,68.1648
NOG,LEAF_CHL,10,56.6956,56.3627,57.0285,57.9331
NOG,LEAF_CHL,11,58.1112,57.1548,59.0676,47.5758
NOG,LEAF_CHL,12,56.3676,55.1276,57.6077,58.3111
NOG,LEAF_CHL,13,53.1144,50.4757,55.7532,54.0614
NOG,LEAF_CHL,14,65.0488,63.7248,66.3729,44.9679
NOG,LEAF_CHL,15,58.3253,58.3253,58.3253,48.1040
NOG,LEAF_CHL,16,69.5586,69.5586,69.5586,
NOG,LEAF_CHL,17,56.0034,53.4289,58.5779,
NOG,LEAF_CHL,18,51.3354,51.3354,51.3354,48.6229
NOG,LEAF_CHL,19,,,,45.7870
NOG,LEAF_CHL,20,39.4626,39.4626,39.4626,
NOG,LEAF_CHL,21,,,,
NOG,LEAF_CHL,22,29.8600,29.8600,29.8600,
NOG,LEAF_CHL,23,31.0493,31.0493,31.0493,
NOG,LEAF_CHL,24,31.0654,31.0654,31.0654,
NOG,LEAF_CHL,25,34.9824,34.9824,34.9824,
NOG,LEAF_CHL,26,30.0688,29.2295,30.9082,
NOG,LEAF_CHL,27,31.1513,30.6499,31.6527,
NOG,LEAF_CHL,28,31.6709,31.2515,32.0903,
NOG,LEAF_CHL,29,29.9916,29.9108,30.0724,
NOG,LEAF_CHL,30,26.3271,26.3271,26.3271,
NOG,LEAF_CHL,31,,,,
NOG,LEAF_CHL,32,34.0189,31.6987,36.3392,
NOG,LEAF_CHL,33,37.9300,37.9300,37.9300,
NOG,LEAF_CHL,34,31.5192,31.5192,31.5192,
NOG,LEAF_CHL,35,37.8339,37.8339,37.8339,
NOG,LEAF_CHL,36,37.9933,35.3950,40.5917,
NOG,LEAF_CHL,37,39.9486,36.9710,42.9261,
NOG,LEAF_CHL,38,40.6875,38.9551,42.4200,
NOG,LEAF_CHL,39,33.4057,30.0868,36.7246,
NOG,LEAF_CHL,40,47.3456,47.3456,47.3456,
NOG,LEAF_CHL,41,38.8769,38.8769,38.8769,
NOG,LEAF_CHL,42,60.7076,53.7192,67.6960,
NOG,LEAF_CHL,43,78.1484,76.5316,79.7653,
NOG,LEAF_CHL,44,88.3951,86.0032,90.7871,
NOG,LEAF_CHL,45,87.5892,86.8067,88.3718,
NOG,LEAF_CHL,46,85.4366,80.0166,90.8565,
NOG,LEAF_CHL,47,87.5927,85.1462,90.0393,
NOG,LEAF_CHL,48,82.8632,81.9290,83.7974,
NOG,LEAF_CHL,49,80.9247,79.1025,82.7469,
NOG,LEAF_CHL,50,86.5034,85.5972,87.4096,
NOG,LEAF_CHL,51,80.1391,79.7931,80.4852,
NOG,LEAF_CHL,52,82.4610,79.1169,85.8051,
NOG,CANOPY_CHL,1,118.3918,110.1889,126.5947,94.6768
NOG,CANOPY_CHL,2,106.4140,98.8430,113.9849,120.2643
NOG,CANOPY_CHL,3,102.3678,96.9405,107.7950,128.2794
NOG,CANOPY_CHL,4,102.8767,96.1427,109.6107,75.6679
NOG,CANOPY_CHL,5,99.6981,95.1000,104.2961,120.7017
NOG,CANOPY_CHL,6,99.7900,99.5870,99.9930,111.8675
NOG,CANOPY_CHL,7,86.7052,86.2160,87.1943,76.3716
NOG,CANOPY_CHL,8,72.8151,72.8151,72.8151,98.6357
NOG,CANOPY_CHL,9,78.5714,70.2289,86.9138,105.7061
NOG,CANOPY_CHL,10,74.2234,73.3236,75.1231,83.1741
NOG,CANOPY_CHL,11,77.1755,75.6762,78.6748,59.9198
NOG,CANOPY_CHL,12,73.3194,70.8020,75.8368,82.0938
NOG,CANOPY_CHL,13,66.0895,61.1347,71.0443,73.5370
NOG,CANOPY_CHL,14,94.0694,89.7576,98.3812,54.2806
NOG,CANOPY_CHL,15,80.2951,80.2951,80.2951,55.5886
NOG,CANOPY_CHL,16,105.0663,105.0663,105.0663,
NOG,CANOPY_CHL,17,74.4120,69.1570,79.6670,
NOG,CANOPY_CHL,18,61.2680,61.2680,61.2680,59.0593
NOG,CANOPY_CHL,19,,,,46.5435
NOG,CANOPY_CHL,20,37.2896,37.2896,37.2896,
NOG,CANOPY_CHL,21,,,,
NOG,CANOPY_CHL,22,21.5152,21.5152,21.5152,
NOG,CANOPY_CHL,23,20.7809,20.7809,20.7809,
NOG,CANOPY_CHL,24,19.3974,19.3974,19.3974,
NOG,CANOPY_CHL,25,28.0744,28.0744,28.0744,
NOG,CANOPY_CHL,26,19.8599,18.5709,21.1490,
NOG,CANOPY_CHL,27,20.0647,19.4611,20.6682,
NOG,CANOPY_CHL,28,20.8631,20.5963,21.1300,
NOG,CANOPY_CHL,29,18.4747,18.4064,18.5430,
NOG,CANOPY_CHL,30,14.7405,14.7405,14.7405,
NOG,CANOPY_CHL,31,,,,
NOG,CANOPY_CHL,32,24.7647,21.6995,27.8298,
NOG,CANOPY_CHL,33,31.5472,31.5472,31.5472,
NOG,CANOPY_CHL,34,21.4241,21.4241,21.4241,
NOG,CANOPY_CHL,35,32.5149,32.5149,32.5149,
NOG,CANOPY_CHL,36,32.8724,28.3199,37.4249,
NOG,CANOPY_CHL,37,35.6846,30.9242,40.4450,
NOG,CANOPY_CHL,38,37.4907,34.8749,40.1066,
NOG,CANOPY_CHL,39,26.7446,20.9759,32.5133,
NOG,CANOPY_CHL,40,50.3134,50.3134,50.3134,
NOG,CANOPY_CHL,41,33.6364,33.6364,33.6364,
NOG,CANOPY_CHL,42,84.0035,67.0625,100.9445,
NOG,CANOPY_CHL,43,122.1881,118.9719,125.4044,
NOG,CANOPY_CHL,44,134.5139,134.0090,135.0189,
NOG,CANOPY_CHL,45,141.6657,141.1602,142.1713,
NOG,CANOPY_CHL,46,134.7647,129.8750,139.6543,
NOG,CANOPY_CHL,47,133.0373,130.7172,135.3575,
NOG,CANOPY_CHL,48,122.5597,122.3300,122.7894,
NOG,CANOPY_CHL,49,126.4166,122.7452,130.0880,
NOG,CANOPY_CHL,50,128.2231,122.8389,133.6072,
NOG,CANOPY_CHL,51,126.1462,124.6534,127.6390,
NOG,CANOPY_CHL,52,131.6823,125.3724,137.9922,
NOG,FAPAR,1,0.5905,0.5836,0.5975,0.5511
NOG,FAPAR,2,0.5671,0.5511,0.5831,0.5765
NOG,FAPAR,3,0.5553,0.5493,0.5612,0.5916
NOG,FAPAR,4,0.5604,0.5492,0.5715,0.5385
NOG,FAPAR,5,0.5647,0.5581,0.5712,0.5857
NOG,FAPAR,6,0.5709,0.5686,0.5732,0.5701
NOG,FAPAR,7,0.5509,0.5476,0.5542,0.5224
NOG,FAPAR,8,0.4924,0.4924,0.4924,0.5494
NOG,FAPAR,9,0.5202,0.5050,0.5355,0.5583
NOG,FAPAR,10,0.5042,0.5001,0.5083,0.5233
NOG,FAPAR,11,0.5104,0.5072,0.5136,0.4784
NOG,FAPAR,12,0.5042,0.4972,0.5113,0.5048
NOG,FAPAR,13,0.4960,0.4866,0.5054,0.4923
NOG,FAPAR,14,0.5393,0.5341,0.5445,0.4621
NOG,FAPAR,15,0.5206,0.5206,0.5206,0.4323
NOG,FAPAR,16,0.5399,0.5399,0.5399,
NOG,FAPAR,17,0.5068,0.5030,0.5106,
NOG,FAPAR,18,0.4869,0.4869,0.4869,0.4785
NOG,FAPAR,19,,,,0.5020
NOG,FAPAR,20,0.4067,0.4067,0.4067,
NOG,FAPAR,21,,,,
NOG,FAPAR,22,0.3083,0.3083,0.3083,
NOG,FAPAR,23,0.2881,0.2881,0.2881,
NOG,FAPAR,24,0.2872,0.2872,0.2872,
NOG,FAPAR,25,0.3256,0.3256,0.3256,
NOG,FAPAR,26,0.2999,0.2920,0.3078,
NOG,FAPAR,27,0.2935,0.2912,0.2957,
NOG,FAPAR,28,0.2993,0.2978,0.3009,
NOG,FAPAR,29,0.2923,0.2914,0.2931,
NOG,FAPAR,30,0.2633,0.2633,0.2633,
NOG,FAPAR,31,,,,
NOG,FAPAR,32,0.3259,0.3070,0.3448,
NOG,FAPAR,33,0.3840,0.3840,0.3840,
NOG,FAPAR,34,0.2982,0.2982,0.2982,
NOG,FAPAR,35,0.3963,0.3963,0.3963,
NOG,FAPAR,36,0.3743,0.3448,0.4038,
NOG,FAPAR,37,0.3840,0.3571,0.4110,
NOG,FAPAR,38,0.3944,0.3788,0.4101,
NOG,FAPAR,39,0.3402,0.3060,0.3744,
NOG,FAPAR,40,0.4667,0.4667,0.4667,
NOG,FAPAR,41,0.3924,0.3924,0.3924,
NOG,FAPAR,42,0.5208,0.4941,0.5475,
NOG,FAPAR,43,0.5827,0.5783,0.5871,
NOG,FAPAR,44,0.6093,0.6036,0.6150,
NOG,FAPAR,45,0.6173,0.6147,0.6200,
NOG,FAPAR,46,0.6109,0.6014,0.6204,
NOG,FAPAR,47,0.6154,0.6077,0.6231,
NOG,FAPAR,48,0.5877,0.5851,0.5903,
NOG,FAPAR,49,0.5940,0.5903,0.5977,
NOG,FAPAR,50,0.6113,0.6089,0.6137,
NOG,FAPAR,51,0.5997,0.5979,0.6015,
NOG,FAPAR,52,0.6095,0.6018,0.6172,
NOG,FCOVER,1,0.4778,0.4719,0.4837,0.4622
NOG,FCOVER,2,0.4492,0.4331,0.4653,0.4663
NOG,FCOVER,3,0.4399,0.4343,0.4455,0.4794
NOG,FCOVER,4,0.4432,0.4327,0.4537,0.4462
NOG,FCOVER,5,0.4479,0.4397,0.4561,0.4730
NOG,FCOVER,6,0.4540,0.4479,0.4602,0.4565
NOG,FCOVER,7,0.4339,0.4315,0.4362,0.4201
NOG,FCOVER,8,0.3615,0.3615,0.3615,0.4346
NOG,FCOVER,9,0.3985,0.3874,0.4096,0.4389
NOG,FCOVER,10,0.3786,0.3736,0.3836,0.4142
NOG,FCOVER,11,0.3806,0.3782,0.3831,0.3734
NOG,FCOVER,12,0.3753,0.3701,0.3804,0.3805
NOG,FCOVER,13,0.3719,0.3672,0.3766,0.3740
NOG,FCOVER,14,0.4048,0.3975,0.4121,0.3558
NOG,FCOVER,15,0.3952,0.3952,0.3952,0.3091
NOG,FCOVER,16,0.3968,0.3968,0.3968,
NOG,FCOVER,17,0.3818,0.3812,0.3824,
NOG,FCOVER,18,0.3613,0.3613,0.3613,0.3607
NOG,FCOVER,19,,,,0.4165
NOG,FCOVER,20,0.2937,0.2937,0.2937,
NOG,FCOVER,21,,,,
NOG,FCOVER,22,0.2215,0.2215,0.2215,
NOG,FCOVER,23,0.2042,0.2042,0.2042,
NOG,FCOVER,24,0.1960,0.1960,0.1960,
NOG,FCOVER,25,0.2258,0.2258,0.2258,
NOG,FCOVER,26,0.2125,0.2081,0.2168,
NOG,FCOVER,27,0.2063,0.2045,0.2082,
NOG,FCOVER,28,0.2096,0.2067,0.2125,
NOG,FCOVER,29,0.2070,0.2045,0.2095,
NOG,FCOVER,30,0.1816,0.1816,0.1816,
NOG,FCOVER,31,,,,
NOG,FCOVER,32,0.2323,0.2173,0.2474,
NOG,FCOVER,33,0.2893,0.2893,0.2893,
NOG,FCOVER,34,0.2147,0.2147,0.2147,
NOG,FCOVER,35,0.3067,0.3067,0.3067,
NOG,FCOVER,36,0.2830,0.2559,0.3101,
NOG,FCOVER,37,0.2869,0.2634,0.3104,
NOG,FCOVER,38,0.2977,0.2849,0.3105,
NOG,FCOVER,39,0.2549,0.2251,0.2846,
NOG,FCOVER,40,0.3690,0.3690,0.3690,
NOG,FCOVER,41,0.3016,0.3016,0.3016,
NOG,FCOVER,42,0.4318,0.4086,0.4550,
NOG,FCOVER,43,0.4825,0.4798,0.4852,
NOG,FCOVER,44,0.5117,0.5074,0.5161,
NOG,FCOVER,45,0.5163,0.5054,0.5271,
NOG,FCOVER,46,0.5124,0.5067,0.5182,
NOG,FCOVER,47,0.5196,0.5149,0.5244,
NOG,FCOVER,48,0.4897,0.4869,0.4925,
NOG,FCOVER,49,0.4966,0.4949,0.4983,
NOG,FCOVER,50,0.5101,0.5098,0.5105,
NOG,FCOVER,51,0.4969,0.4949,0.4988,
NOG,FCOVER,52,0.5056,0.4995,0.5116,
NOG,PSRI,1,0.0985,0.0912,0.1059,0.1102
NOG,PSRI,2,0.0886,0.0810,0.0962,0.0969
NOG,PSRI,3,0.1115,0.1100,0.1130,0.0852
NOG,PSRI,4,0.0980,0.0914,0.1047,0.0924
NOG,PSRI,5,0.0997,0.0931,0.1063,0.0873
NOG,PSRI,6,0.0918,0.0871,0.0966,0.0991
NOG,PSRI,7,0.1020,0.0928,0.1113,0.1247
NOG,PSRI,8,0.1242,0.1242,0.1242,0.1165
NOG,PSRI,9,0.1172,0.1061,0.1283,0.1108
NOG,PSRI,10,0.1127,0.1071,0.1182,0.1205
NOG,PSRI,11,0.1128,0.1068,0.1188,0.1394
NOG,PSRI,12,0.1142,0.1108,0.1177,0.1302
NOG,PSRI,13,0.1127,0.0971,0.1283,0.1302
NOG,PSRI,14,0.0977,0.0927,0.1026,0.1500
NOG,PSRI,15,0.1175,0.1175,0.1175,0.1462
NOG,PSRI,16,0.0908,0.0908,0.0908,
NOG,PSRI,17,0.1315,0.1216,0.1413,
NOG,PSRI,18,0.1284,0.1284,0.1284,0.1522
NOG,PSRI,19,,,,0.1037
NOG,PSRI,20,0.2093,0.2093,0.2093,
NOG,PSRI,21,,,,
NOG,PSRI,22,0.2084,0.2084,0.2084,
NOG,PSRI,23,0.2594,0.2594,0.2594,
NOG,PSRI,24,0.1783,0.1783,0.1783,
NOG,PSRI,25,0.2184,0.2184,0.2184,
NOG,PSRI,26,0.1715,0.1445,0.1984,
NOG,PSRI,27,0.1875,0.1837,0.1913,
NOG,PSRI,28,0.2009,0.1963,0.2054,
NOG,PSRI,29,0.1949,0.1786,0.2112,
NOG,PSRI,30,0.1643,0.1643,0.1643,
NOG,PSRI,31,,,,
NOG,PSRI,32,0.1703,0.1574,0.1832,
NOG,PSRI,33,0.1094,0.1094,0.1094,
NOG,PSRI,34,0.1705,0.1705,0.1705,
NOG,PSRI,35,0.1073,0.1073,0.1073,
NOG,PSRI,36,0.1406,0.1306,0.1506,
NOG,PSRI,37,0.1290,0.1128,0.1452,
NOG,PSRI,38,0.1506,0.1322,0.1689,
NOG,PSRI,39,0.1666,0.1454,0.1879,
NOG,PSRI,40,0.1049,0.1049,0.1049,
NOG,PSRI,41,0.1580,0.1580,0.1580,
NOG,PSRI,42,0.1210,0.1101,0.1319,
NOG,PSRI,43,0.0967,0.0854,0.1081,
NOG,PSRI,44,0.0938,0.0923,0.0954,
NOG,PSRI,45,0.0938,0.0905,0.0972,
NOG,PSRI,46,0.0887,0.0810,0.0964,
NOG,PSRI,47,0.0866,0.0838,0.0895,
NOG,PSRI,48,0.0994,0.0957,0.1031,
NOG,PSRI,49,0.1028,0.0974,0.1081,
NOG,PSRI,50,0.0837,0.0803,0.0872,
NOG,PSRI,51,0.0793,0.0767,0.0819,
NOG,PSRI,52,0.0842,0.0814,0.0871,
NOG,CLEAR_PIXEL_COUNT,1,1.0000,1.0000,1.0000,1.0000
NOG,CLEAR_PIXEL_COUNT,2,1.5000,1.2500,1.7500,1.0000
NOG,CLEAR_PIXEL_COUNT,3,1.0000,1.0000,1.0000,1.0000
NOG,CLEAR_PIXEL_COUNT,4,1.5000,1.2500,1.7500,1.0000
NOG,CLEAR_PIXEL_COUNT,5,1.5000,1.2500,1.7500,1.0000
NOG,CLEAR_PIXEL_COUNT,6,1.0000,1.0000,1.0000,2.0000
NOG,CLEAR_PIXEL_COUNT,7,1.5000,1.2500,1.7500,1.0000
NOG,CLEAR_PIXEL_COUNT,8,0.5000,0.2500,0.7500,3.0000
NOG,CLEAR_PIXEL_COUNT,9,1.5000,1.2500,1.7500,2.0000
NOG,CLEAR_PIXEL_COUNT,10,1.5000,1.2500,1.7500,2.0000
NOG,CLEAR_PIXEL_COUNT,11,1.0000,1.0000,1.0000,1.0000
NOG,CLEAR_PIXEL_COUNT,12,2.5000,2.2500,2.7500,1.0000
NOG,CLEAR_PIXEL_COUNT,13,1.0000,1.0000,1.0000,2.0000
NOG,CLEAR_PIXEL_COUNT,14,1.5000,1.2500,1.7500,1.0000
NOG,CLEAR_PIXEL_COUNT,15,1.0000,0.5000,1.5000,2.0000
NOG,CLEAR_PIXEL_COUNT,16,0.5000,0.2500,0.7500,0.0000
NOG,CLEAR_PIXEL_COUNT,17,1.5000,1.2500,1.7500,0.0000
NOG,CLEAR_PIXEL_COUNT,18,0.5000,0.2500,0.7500,2.0000
NOG,CLEAR_PIXEL_COUNT,19,0.0000,0.0000,0.0000,0.1538
NOG,CLEAR_PIXEL_COUNT,20,0.5000,0.2500,0.7500,
NOG,CLEAR_PIXEL_COUNT,21,0.0000,0.0000,0.0000,
NOG,CLEAR_PIXEL_COUNT,22,1.0000,0.5000,1.5000,
NOG,CLEAR_PIXEL_COUNT,23,0.5000,0.2500,0.7500,
NOG,CLEAR_PIXEL_COUNT,24,0.5000,0.2500,0.7500,
NOG,CLEAR_PIXEL_COUNT,25,0.5000,0.2500,0.7500,
NOG,CLEAR_PIXEL_COUNT,26,1.0000,1.0000,1.0000,
NOG,CLEAR_PIXEL_COUNT,27,2.0000,2.0000,2.0000,
NOG,CLEAR_PIXEL_COUNT,28,1.5000,1.2500,1.7500,
NOG,CLEAR_PIXEL_COUNT,29,1.0000,1.0000,1.0000,
NOG,CLEAR_PIXEL_COUNT,30,0.5000,0.2500,0.7500,
NOG,CLEAR_PIXEL_COUNT,31,0.0000,0.0000,0.0000,
NOG,CLEAR_PIXEL_COUNT,32,1.0000,1.0000,1.0000,
NOG,CLEAR_PIXEL_COUNT,33,0.5000,0.2500,0.7500,
NOG,CLEAR_PIXEL_COUNT,34,0.5000,0.2500,0.7500,
NOG,CLEAR_PIXEL_COUNT,35,0.5000,0.2500,0.7500,
NOG,CLEAR_PIXEL_COUNT,36,1.5000,1.2500,1.7500,
NOG,CLEAR_PIXEL_COUNT,37,1.0000,1.0000,1.0000,
NOG,CLEAR_PIXEL_COUNT,38,1.0000,1.0000,1.0000,
NOG,CLEAR_PIXEL_COUNT,39,1.5000,1.2500,1.7500,
NOG,CLEAR_PIXEL_COUNT,40,0.5000,0.2500,0.7500,
NOG,CLEAR_PIXEL_COUNT,41,1.0000,0.5000,1.5000,
NOG,CLEAR_PIXEL_COUNT,42,1.0000,1.0000,1.0000,
NOG,CLEAR_PIXEL_COUNT,43,1.0000,1.0000,1.0000,
NOG,CLEAR_PIXEL_COUNT,44,1.0000,1.0000,1.0000,
NOG,CLEAR_PIXEL_COUNT,45,1.5000,1.2500,1.7500,
NOG,CLEAR_PIXEL_COUNT,46,1.5000,1.2500,1.7500,
NOG,CLEAR_PIXEL_COUNT,47,2.0000,2.0000,2.0000,
NOG,CLEAR_PIXEL_COUNT,48,1.0000,1.0000,1.0000,
NOG,CLEAR_PIXEL_COUNT,49,2.0000,2.0000,2.0000,
NOG,CLEAR_PIXEL_COUNT,50,1.5000,1.2500,1.7500,
NOG,CLEAR_PIXEL_COUNT,51,1.0000,1.0000,1.0000,
NOG,CLEAR_PIXEL_COUNT,52,2.5000,2.2500,2.7500,
