predio,band,iso_week,historical_median,historical_p25,historical_p75,value_2026
R_SALAZAR,NDVI,1,0.6044,0.6044,0.6044,
R_SALAZAR,NDVI,2,0.6981,0.6981,0.6981,0.6617
R_SALAZAR,NDVI,3,0.6519,0.6402,0.6636,0.6503
R_SALAZAR,NDVI,4,,,,0.6329
R_SALAZAR,NDVI,5,0.6375,0.6294,0.6457,0.6726
R_SALAZAR,NDVI,6,0.6245,0.6236,0.6255,0.6829
R_SALAZAR,NDVI,7,0.6330,0.6318,0.6342,0.6818
R_SALAZAR,NDVI,8,0.6114,0.6114,0.6114,0.6749
R_SALAZAR,NDVI,9,0.6294,0.6270,0.6318,0.6685
R_SALAZAR,NDVI,10,0.6552,0.6521,0.6583,0.6804
R_SALAZAR,NDVI,11,0.6578,0.6578,0.6578,0.6654
R_SALAZAR,NDVI,12,0.6542,0.6519,0.6565,0.6842
R_SALAZAR,NDVI,13,0.6090,0.6090,0.6090,0.7141
R_SALAZAR,NDVI,14,0.6999,0.6885,0.7113,0.7079
R_SALAZAR,NDVI,15,0.7192,0.7192,0.7192,0.7193
R_SALAZAR,NDVI,16,0.7146,0.7058,0.7234,0.5725
R_SALAZAR,NDVI,17,0.6924,0.6902,0.6946,0.7322
R_SALAZAR,NDVI,18,0.7348,0.7348,0.7348,0.7439
R_SALAZAR,NDVI,19,0.7340,0.7340,0.7340,0.7554
R_SALAZAR,NDVI,20,0.7049,0.6946,0.7153,0.7577
R_SALAZAR,NDVI,21,,,,
R_SALAZAR,NDVI,22,0.7711,0.7706,0.7716,
R_SALAZAR,NDVI,23,,,,0.6637
R_SALAZAR,NDVI,24,,,,0.7367
R_SALAZAR,NDVI,25,0.8040,0.8040,0.8040,0.7551
R_SALAZAR,NDVI,26,0.7869,0.7832,0.7906,0.7716
R_SALAZAR,NDVI,27,0.7771,0.7736,0.7807,0.7635
R_SALAZAR,NDVI,28,0.7645,0.7551,0.7738,0.7805
R_SALAZAR,NDVI,29,0.7612,0.7534,0.7691,
R_SALAZAR,NDVI,30,0.7315,0.7315,0.7315,
R_SALAZAR,NDVI,31,0.7749,0.7749,0.7749,
R_SALAZAR,NDVI,32,0.7556,0.7436,0.7676,
R_SALAZAR,NDVI,33,,,,
R_SALAZAR,NDVI,34,0.7086,0.7086,0.7086,
R_SALAZAR,NDVI,35,0.7584,0.7584,0.7584,
R_SALAZAR,NDVI,36,0.6955,0.6888,0.7021,
R_SALAZAR,NDVI,37,0.6733,0.6641,0.6824,
R_SALAZAR,NDVI,38,0.6755,0.6755,0.6755,
R_SALAZAR,NDVI,39,0.6658,0.6579,0.6737,
R_SALAZAR,NDVI,40,0.6145,0.6145,0.6145,
R_SALAZAR,NDVI,41,0.6508,0.6508,0.6508,
R_SALAZAR,NDVI,42,,,,
R_SALAZAR,NDVI,43,0.6112,0.6104,0.6120,
R_SALAZAR,NDVI,44,0.6031,0.5986,0.6075,
R_SALAZAR,NDVI,45,0.5843,0.5796,0.5890,
R_SALAZAR,NDVI,46,0.5978,0.5902,0.6053,
R_SALAZAR,NDVI,47,0.5969,0.5931,0.6007,
R_SALAZAR,NDVI,48,0.6127,0.6127,0.6127,
R_SALAZAR,NDVI,49,0.6271,0.6195,0.6348,
R_SALAZAR,NDVI,50,0.6349,0.6238,0.6459,
R_SALAZAR,NDVI,51,0.6268,0.6209,0.6327,
R_SALAZAR,NDVI,52,0.6337,0.6230,0.6444,
R_SALAZAR,NDMI,1,0.1636,0.1636,0.1636,
R_SALAZAR,NDMI,2,0.2446,0.2446,0.2446,0.1995
R_SALAZAR,NDMI,3,0.1958,0.1811,0.2106,0.2027
R_SALAZAR,NDMI,4,,,,0.1727
R_SALAZAR,NDMI,5,0.1652,0.1650,0.1654,0.1976
R_SALAZAR,NDMI,6,0.1576,0.1517,0.1634,0.2069
R_SALAZAR,NDMI,7,0.1692,0.1641,0.1743,0.2172
R_SALAZAR,NDMI,8,0.1698,0.1698,0.1698,0.2147
R_SALAZAR,NDMI,9,0.1625,0.1589,0.1661,0.2092
R_SALAZAR,NDMI,10,0.1786,0.1783,0.1788,0.2088
R_SALAZAR,NDMI,11,0.1678,0.1678,0.1678,0.2052
R_SALAZAR,NDMI,12,0.1796,0.1708,0.1884,0.2197
R_SALAZAR,NDMI,13,0.2110,0.2110,0.2110,0.2447
R_SALAZAR,NDMI,14,0.2196,0.2040,0.2352,0.2447
R_SALAZAR,NDMI,15,0.2514,0.2514,0.2514,0.2620
R_SALAZAR,NDMI,16,0.2550,0.2316,0.2783,0.2605
R_SALAZAR,NDMI,17,0.2361,0.2254,0.2468,0.2810
R_SALAZAR,NDMI,18,0.2783,0.2783,0.2783,0.2887
R_SALAZAR,NDMI,19,0.2743,0.2743,0.2743,0.3303
R_SALAZAR,NDMI,20,0.2801,0.2722,0.2880,0.3116
R_SALAZAR,NDMI,21,,,,
R_SALAZAR,NDMI,22,0.3220,0.3173,0.3267,
R_SALAZAR,NDMI,23,,,,0.2364
R_SALAZAR,NDMI,24,,,,0.2987
R_SALAZAR,NDMI,25,0.3535,0.3535,0.3535,0.3047
R_SALAZAR,NDMI,26,0.3137,0.3115,0.3160,0.3127
R_SALAZAR,NDMI,27,0.3015,0.2995,0.3036,0.3083
R_SALAZAR,NDMI,28,0.3124,0.2964,0.3285,0.2925
R_SALAZAR,NDMI,29,0.2955,0.2857,0.3053,
R_SALAZAR,NDMI,30,0.2954,0.2954,0.2954,
R_SALAZAR,NDMI,31,0.3444,0.3444,0.3444,
R_SALAZAR,NDMI,32,0.2730,0.2536,0.2925,
R_SALAZAR,NDMI,33,,,,
R_SALAZAR,NDMI,34,0.2039,0.2039,0.2039,
R_SALAZAR,NDMI,35,0.2675,0.2675,0.2675,
R_SALAZAR,NDMI,36,0.2145,0.2038,0.2252,
R_SALAZAR,NDMI,37,0.1909,0.1781,0.2038,
R_SALAZAR,NDMI,38,0.2021,0.2021,0.2021,
R_SALAZAR,NDMI,39,0.1715,0.1602,0.1829,
R_SALAZAR,NDMI,40,0.1282,0.1282,0.1282,
R_SALAZAR,NDMI,41,0.1706,0.1706,0.1706,
R_SALAZAR,NDMI,42,,,,
R_SALAZAR,NDMI,43,0.1294,0.1234,0.1353,
R_SALAZAR,NDMI,44,0.1322,0.1320,0.1325,
R_SALAZAR,NDMI,45,0.1381,0.1271,0.1491,
R_SALAZAR,NDMI,46,0.1549,0.1461,0.1637,
R_SALAZAR,NDMI,47,0.1629,0.1551,0.1706,
R_SALAZAR,NDMI,48,0.1528,0.1528,0.1528,
R_SALAZAR,NDMI,49,0.1750,0.1713,0.1788,
R_SALAZAR,NDMI,50,0.1794,0.1721,0.1867,
R_SALAZAR,NDMI,51,0.1793,0.1726,0.1860,
R_SALAZAR,NDMI,52,0.1742,0.1622,0.1861,
R_SALAZAR,MNDWI,1,-0.5748,-0.5748,-0.5748,
R_SALAZAR,MNDWI,2,-0.5941,-0.5941,-0.5941,-0.5999
R_SALAZAR,MNDWI,3,-0.6021,-0.6082,-0.5959,-0.5829
R_SALAZAR,MNDWI,4,,,,-0.5910
R_SALAZAR,MNDWI,5,-0.6140,-0.6194,-0.6086,-0.6249
R_SALAZAR,MNDWI,6,-0.6111,-0.6114,-0.6108,-0.6389
R_SALAZAR,MNDWI,7,-0.6195,-0.6244,-0.6147,-0.6354
R_SALAZAR,MNDWI,8,-0.5766,-0.5766,-0.5766,-0.6302
R_SALAZAR,MNDWI,9,-0.6161,-0.6210,-0.6113,-0.6243
R_SALAZAR,MNDWI,10,-0.6380,-0.6422,-0.6337,-0.6406
R_SALAZAR,MNDWI,11,-0.6526,-0.6526,-0.6526,-0.6159
R_SALAZAR,MNDWI,12,-0.6259,-0.6326,-0.6192,-0.6408
R_SALAZAR,MNDWI,13,-0.5265,-0.5265,-0.5265,-0.6525
R_SALAZAR,MNDWI,14,-0.6492,-0.6503,-0.6480,-0.6419
R_SALAZAR,MNDWI,15,-0.6382,-0.6382,-0.6382,-0.6510
R_SALAZAR,MNDWI,16,-0.6589,-0.6617,-0.6560,-0.4038
R_SALAZAR,MNDWI,17,-0.6129,-0.6273,-0.5984,-0.6378
R_SALAZAR,MNDWI,18,-0.6275,-0.6275,-0.6275,-0.6500
R_SALAZAR,MNDWI,19,-0.6417,-0.6417,-0.6417,-0.6226
R_SALAZAR,MNDWI,20,-0.5485,-0.5913,-0.5056,-0.6277
R_SALAZAR,MNDWI,21,,,,
R_SALAZAR,MNDWI,22,-0.6331,-0.6428,-0.6234,
R_SALAZAR,MNDWI,23,,,,-0.5531
R_SALAZAR,MNDWI,24,,,,-0.6007
R_SALAZAR,MNDWI,25,-0.6422,-0.6422,-0.6422,-0.6054
R_SALAZAR,MNDWI,26,-0.6440,-0.6592,-0.6288,-0.6424
R_SALAZAR,MNDWI,27,-0.6443,-0.6475,-0.6410,-0.6405
R_SALAZAR,MNDWI,28,-0.6162,-0.6226,-0.6099,-0.6591
R_SALAZAR,MNDWI,29,-0.6262,-0.6270,-0.6255,
R_SALAZAR,MNDWI,30,-0.5612,-0.5612,-0.5612,
R_SALAZAR,MNDWI,31,-0.6033,-0.6033,-0.6033,
R_SALAZAR,MNDWI,32,-0.6269,-0.6325,-0.6213,
R_SALAZAR,MNDWI,33,,,,
R_SALAZAR,MNDWI,34,-0.6303,-0.6303,-0.6303,
R_SALAZAR,MNDWI,35,-0.6245,-0.6245,-0.6245,
R_SALAZAR,MNDWI,36,-0.5922,-0.6005,-0.5839,
R_SALAZAR,MNDWI,37,-0.5873,-0.5928,-0.5817,
R_SALAZAR,MNDWI,38,-0.5733,-0.5733,-0.5733,
R_SALAZAR,MNDWI,39,-0.5979,-0.5990,-0.5968,
R_SALAZAR,MNDWI,40,-0.5856,-0.5856,-0.5856,
R_SALAZAR,MNDWI,41,-0.5791,-0.5791,-0.5791,
R_SALAZAR,MNDWI,42,,,,
R_SALAZAR,MNDWI,43,-0.5848,-0.5861,-0.5835,
R_SALAZAR,MNDWI,44,-0.5686,-0.5737,-0.5636,
R_SALAZAR,MNDWI,45,-0.5313,-0.5338,-0.5289,
R_SALAZAR,MNDWI,46,-0.5492,-0.5522,-0.5462,
R_SALAZAR,MNDWI,47,-0.5475,-0.5603,-0.5346,
R_SALAZAR,MNDWI,48,-0.5878,-0.5878,-0.5878,
R_SALAZAR,MNDWI,49,-0.5751,-0.5759,-0.5743,
R_SALAZAR,MNDWI,50,-0.5786,-0.5792,-0.5781,
R_SALAZAR,MNDWI,51,-0.5715,-0.5776,-0.5654,
R_SALAZAR,MNDWI,52,-0.5968,-0.5987,-0.5950,
R_SALAZAR,REDEDGE_POSITION,1,722.9071,722.9071,722.9071,
R_SALAZAR,REDEDGE_POSITION,2,723.2222,723.2222,723.2222,723.9183
R_SALAZAR,REDEDGE_POSITION,3,723.3271,723.0363,723.6179,723.1668
R_SALAZAR,REDEDGE_POSITION,4,,,,721.7873
R_SALAZAR,REDEDGE_POSITION,5,723.0346,722.6734,723.3958,724.9342
R_SALAZAR,REDEDGE_POSITION,6,722.9553,722.0573,723.8534,724.4247
R_SALAZAR,REDEDGE_POSITION,7,723.6317,723.2218,724.0416,722.2927
R_SALAZAR,REDEDGE_POSITION,8,724.4614,724.4614,724.4614,723.9817
R_SALAZAR,REDEDGE_POSITION,9,723.0630,722.1551,723.9708,724.5396
R_SALAZAR,REDEDGE_POSITION,10,724.1684,723.7008,724.6360,723.5974
R_SALAZAR,REDEDGE_POSITION,11,724.2919,724.2919,724.2919,722.2979
R_SALAZAR,REDEDGE_POSITION,12,724.2350,723.7719,724.6980,725.8181
R_SALAZAR,REDEDGE_POSITION,13,721.2924,721.2924,721.2924,725.3456
R_SALAZAR,REDEDGE_POSITION,14,725.2846,725.2083,725.3609,723.2739
R_SALAZAR,REDEDGE_POSITION,15,723.4600,723.4600,723.4600,725.9767
R_SALAZAR,REDEDGE_POSITION,16,724.9368,724.5203,725.3533,726.3052
R_SALAZAR,REDEDGE_POSITION,17,724.6719,724.1032,725.2406,722.8499
R_SALAZAR,REDEDGE_POSITION,18,725.1907,725.1907,725.1907,724.9362
R_SALAZAR,REDEDGE_POSITION,19,725.2276,725.2276,725.2276,725.3223
R_SALAZAR,REDEDGE_POSITION,20,725.5995,725.5807,725.6184,725.2819
R_SALAZAR,REDEDGE_POSITION,21,,,,
R_SALAZAR,REDEDGE_POSITION,22,724.1891,724.1118,724.2665,
R_SALAZAR,REDEDGE_POSITION,23,,,,723.6042
R_SALAZAR,REDEDGE_POSITION,24,,,,723.4727
R_SALAZAR,REDEDGE_POSITION,25,724.6396,724.6396,724.6396,721.6239
R_SALAZAR,REDEDGE_POSITION,26,723.4573,722.3819,724.5328,724.7254
R_SALAZAR,REDEDGE_POSITION,27,723.4947,722.8688,724.1207,722.1142
R_SALAZAR,REDEDGE_POSITION,28,723.5485,723.4831,723.6140,721.1213
R_SALAZAR,REDEDGE_POSITION,29,722.6231,721.7641,723.4821,
R_SALAZAR,REDEDGE_POSITION,30,723.3829,723.3829,723.3829,
R_SALAZAR,REDEDGE_POSITION,31,721.8968,721.8968,721.8968,
R_SALAZAR,REDEDGE_POSITION,32,723.1838,723.0513,723.3162,
R_SALAZAR,REDEDGE_POSITION,33,,,,
R_SALAZAR,REDEDGE_POSITION,34,722.7095,722.7095,722.7095,
R_SALAZAR,REDEDGE_POSITION,35,720.1210,720.1210,720.1210,
R_SALAZAR,REDEDGE_POSITION,36,721.1954,720.3828,722.0080,
R_SALAZAR,REDEDGE_POSITION,37,721.4454,721.0874,721.8034,
R_SALAZAR,REDEDGE_POSITION,38,722.1237,722.1237,722.1237,
R_SALAZAR,REDEDGE_POSITION,39,720.6155,719.8233,721.4078,
R_SALAZAR,REDEDGE_POSITION,40,722.2075,722.2075,722.2075,
R_SALAZAR,REDEDGE_POSITION,41,720.2111,720.2111,720.2111,
R_SALAZAR,REDEDGE_POSITION,42,,,,
R_SALAZAR,REDEDGE_POSITION,43,719.8581,719.5134,720.2027,
R_SALAZAR,REDEDGE_POSITION,44,719.2708,719.1094,719.4323,
R_SALAZAR,REDEDGE_POSITION,45,718.4550,718.2580,718.6519,
R_SALAZAR,REDEDGE_POSITION,46,717.5820,716.8630,718.3010,
R_SALAZAR,REDEDGE_POSITION,47,719.1300,719.1208,719.1392,
R_SALAZAR,REDEDGE_POSITION,48,719.7631,719.7631,719.7631,
R_SALAZAR,REDEDGE_POSITION,49,719.5288,719.0064,720.0513,
R_SALAZAR,REDEDGE_POSITION,50,721.4604,721.3972,721.5236,
R_SALAZAR,REDEDGE_POSITION,51,721.4955,721.1806,721.8104,
R_SALAZAR,REDEDGE_POSITION,52,721.7338,721.6724,721.7951,
R_SALAZAR,MCARI,1,0.0559,0.0559,0.0559,
R_SALAZAR,MCARI,2,0.0761,0.0761,0.0761,0.0592
R_SALAZAR,MCARI,3,0.0624,0.0600,0.0648,0.0639
R_SALAZAR,MCARI,4,,,,0.0695
R_SALAZAR,MCARI,5,0.0594,0.0583,0.0604,0.0623
R_SALAZAR,MCARI,6,0.0591,0.0540,0.0643,0.0613
R_SALAZAR,MCARI,7,0.0546,0.0521,0.0571,0.0754
R_SALAZAR,MCARI,8,0.0488,0.0488,0.0488,0.0589
R_SALAZAR,MCARI,9,0.0566,0.0521,0.0610,0.0513
R_SALAZAR,MCARI,10,0.0542,0.0516,0.0568,0.0638
R_SALAZAR,MCARI,11,0.0523,0.0523,0.0523,0.0656
R_SALAZAR,MCARI,12,0.0520,0.0500,0.0541,0.0504
R_SALAZAR,MCARI,13,0.0516,0.0516,0.0516,0.0573
R_SALAZAR,MCARI,14,0.0536,0.0505,0.0566,0.0699
R_SALAZAR,MCARI,15,0.0680,0.0680,0.0680,0.0526
R_SALAZAR,MCARI,16,0.0422,0.0400,0.0444,0.0353
R_SALAZAR,MCARI,17,0.0537,0.0487,0.0587,0.0781
R_SALAZAR,MCARI,18,0.0528,0.0528,0.0528,0.0616
R_SALAZAR,MCARI,19,0.0576,0.0576,0.0576,0.0637
R_SALAZAR,MCARI,20,0.0475,0.0438,0.0513,0.0576
R_SALAZAR,MCARI,21,,,,
R_SALAZAR,MCARI,22,0.0772,0.0768,0.0776,
R_SALAZAR,MCARI,23,,,,0.0463
R_SALAZAR,MCARI,24,,,,0.0683
R_SALAZAR,MCARI,25,0.0722,0.0722,0.0722,0.0832
R_SALAZAR,MCARI,26,0.0810,0.0710,0.0911,0.0606
R_SALAZAR,MCARI,27,0.0819,0.0719,0.0918,0.0847
R_SALAZAR,MCARI,28,0.0694,0.0656,0.0732,0.1152
R_SALAZAR,MCARI,29,0.0843,0.0711,0.0975,
R_SALAZAR,MCARI,30,0.0650,0.0650,0.0650,
R_SALAZAR,MCARI,31,0.0575,0.0575,0.0575,
R_SALAZAR,MCARI,32,0.0711,0.0666,0.0757,
R_SALAZAR,MCARI,33,,,,
R_SALAZAR,MCARI,34,0.0613,0.0613,0.0613,
R_SALAZAR,MCARI,35,0.1141,0.1141,0.1141,
R_SALAZAR,MCARI,36,0.0757,0.0661,0.0854,
R_SALAZAR,MCARI,37,0.0702,0.0637,0.0767,
R_SALAZAR,MCARI,38,0.0632,0.0632,0.0632,
R_SALAZAR,MCARI,39,0.0736,0.0640,0.0831,
R_SALAZAR,MCARI,40,0.0503,0.0503,0.0503,
R_SALAZAR,MCARI,41,0.0716,0.0716,0.0716,
R_SALAZAR,MCARI,42,,,,
R_SALAZAR,MCARI,43,0.0662,0.0641,0.0684,
R_SALAZAR,MCARI,44,0.0705,0.0685,0.0725,
R_SALAZAR,MCARI,45,0.0788,0.0776,0.0800,
R_SALAZAR,MCARI,46,0.0879,0.0807,0.0951,
R_SALAZAR,MCARI,47,0.0731,0.0704,0.0758,
R_SALAZAR,MCARI,48,0.0750,0.0750,0.0750,
R_SALAZAR,MCARI,49,0.0837,0.0770,0.0904,
R_SALAZAR,MCARI,50,0.0704,0.0672,0.0735,
R_SALAZAR,MCARI,51,0.0672,0.0666,0.0678,
R_SALAZAR,MCARI,52,0.0700,0.0683,0.0718,
R_SALAZAR,GNDVI,1,0.6715,0.6715,0.6715,
R_SALAZAR,GNDVI,2,0.7256,0.7256,0.7256,0.7091
R_SALAZAR,GNDVI,3,0.7084,0.7062,0.7106,0.6983
R_SALAZAR,GNDVI,4,,,,0.6888
R_SALAZAR,GNDVI,5,0.7030,0.6989,0.7072,0.7265
R_SALAZAR,GNDVI,6,0.6967,0.6941,0.6993,0.7405
R_SALAZAR,GNDVI,7,0.7095,0.7081,0.7110,0.7427
R_SALAZAR,GNDVI,8,0.6759,0.6759,0.6759,0.7383
R_SALAZAR,GNDVI,9,0.7033,0.7014,0.7052,0.7304
R_SALAZAR,GNDVI,10,0.7277,0.7241,0.7314,0.7430
R_SALAZAR,GNDVI,11,0.7339,0.7339,0.7339,0.7238
R_SALAZAR,GNDVI,12,0.7193,0.7184,0.7201,0.7478
R_SALAZAR,GNDVI,13,0.6604,0.6604,0.6604,0.7668
R_SALAZAR,GNDVI,14,0.7544,0.7485,0.7603,0.7596
R_SALAZAR,GNDVI,15,0.7605,0.7605,0.7605,0.7730
R_SALAZAR,GNDVI,16,0.7752,0.7679,0.7825,0.5991
R_SALAZAR,GNDVI,17,0.7366,0.7312,0.7420,0.7725
R_SALAZAR,GNDVI,18,0.7656,0.7656,0.7656,0.7843
R_SALAZAR,GNDVI,19,0.7741,0.7741,0.7741,0.7805
R_SALAZAR,GNDVI,20,0.7158,0.6915,0.7402,0.7806
R_SALAZAR,GNDVI,21,,,,
R_SALAZAR,GNDVI,22,0.7873,0.7832,0.7913,
R_SALAZAR,GNDVI,23,,,,0.6954
R_SALAZAR,GNDVI,24,,,,0.7583
R_SALAZAR,GNDVI,25,0.8087,0.8087,0.8087,0.7641
R_SALAZAR,GNDVI,26,0.7927,0.7850,0.8004,0.7903
R_SALAZAR,GNDVI,27,0.7866,0.7856,0.7876,0.7862
R_SALAZAR,GNDVI,28,0.7748,0.7714,0.7781,0.7914
R_SALAZAR,GNDVI,29,0.7729,0.7689,0.7769,
R_SALAZAR,GNDVI,30,0.7327,0.7327,0.7327,
R_SALAZAR,GNDVI,31,0.7793,0.7793,0.7793,
R_SALAZAR,GNDVI,32,0.7641,0.7590,0.7692,
R_SALAZAR,GNDVI,33,,,,
R_SALAZAR,GNDVI,34,0.7339,0.7339,0.7339,
R_SALAZAR,GNDVI,35,0.7598,0.7598,0.7598,
R_SALAZAR,GNDVI,36,0.7116,0.7111,0.7121,
R_SALAZAR,GNDVI,37,0.6953,0.6929,0.6978,
R_SALAZAR,GNDVI,38,0.6906,0.6906,0.6906,
R_SALAZAR,GNDVI,39,0.6938,0.6887,0.6989,
R_SALAZAR,GNDVI,40,0.6603,0.6603,0.6603,
R_SALAZAR,GNDVI,41,0.6792,0.6792,0.6792,
R_SALAZAR,GNDVI,42,,,,
R_SALAZAR,GNDVI,43,0.6613,0.6589,0.6638,
R_SALAZAR,GNDVI,44,0.6495,0.6455,0.6535,
R_SALAZAR,GNDVI,45,0.6216,0.6170,0.6262,
R_SALAZAR,GNDVI,46,0.6466,0.6388,0.6544,
R_SALAZAR,GNDVI,47,0.6499,0.6441,0.6557,
R_SALAZAR,GNDVI,48,0.6766,0.6766,0.6766,
R_SALAZAR,GNDVI,49,0.6780,0.6766,0.6793,
R_SALAZAR,GNDVI,50,0.6830,0.6787,0.6872,
R_SALAZAR,GNDVI,51,0.6778,0.6767,0.6788,
R_SALAZAR,GNDVI,52,0.6940,0.6896,0.6985,
R_SALAZAR,MSAVI,1,0.4132,0.4132,0.4132,
R_SALAZAR,MSAVI,2,0.4953,0.4953,0.4953,0.4450
R_SALAZAR,MSAVI,3,0.4488,0.4374,0.4602,0.4420
R_SALAZAR,MSAVI,4,,,,0.4038
R_SALAZAR,MSAVI,5,0.4286,0.4204,0.4368,0.4350
R_SALAZAR,MSAVI,6,0.4113,0.4112,0.4115,0.4458
R_SALAZAR,MSAVI,7,0.4111,0.4075,0.4147,0.4499
R_SALAZAR,MSAVI,8,0.3995,0.3995,0.3995,0.4397
R_SALAZAR,MSAVI,9,0.3952,0.3920,0.3984,0.4132
R_SALAZAR,MSAVI,10,0.4071,0.4026,0.4116,0.4238
R_SALAZAR,MSAVI,11,0.4086,0.4086,0.4086,0.4039
R_SALAZAR,MSAVI,12,0.3934,0.3930,0.3939,0.4206
R_SALAZAR,MSAVI,13,0.3378,0.3378,0.3378,0.4373
R_SALAZAR,MSAVI,14,0.4261,0.4174,0.4348,0.4266
R_SALAZAR,MSAVI,15,0.4285,0.4285,0.4285,0.4390
R_SALAZAR,MSAVI,16,0.3417,0.3053,0.3780,0.3686
R_SALAZAR,MSAVI,17,0.4041,0.4012,0.4070,0.4335
R_SALAZAR,MSAVI,18,0.4251,0.4251,0.4251,0.4421
R_SALAZAR,MSAVI,19,0.4283,0.4283,0.4283,0.4519
R_SALAZAR,MSAVI,20,0.4054,0.3984,0.4124,0.4377
R_SALAZAR,MSAVI,21,,,,
R_SALAZAR,MSAVI,22,0.4438,0.4404,0.4472,
R_SALAZAR,MSAVI,23,,,,0.3795
R_SALAZAR,MSAVI,24,,,,0.4151
R_SALAZAR,MSAVI,25,0.4308,0.4308,0.4308,0.4141
R_SALAZAR,MSAVI,26,0.4237,0.4205,0.4270,0.4308
R_SALAZAR,MSAVI,27,0.4259,0.4233,0.4285,0.4144
R_SALAZAR,MSAVI,28,0.4230,0.4130,0.4330,0.4312
R_SALAZAR,MSAVI,29,0.4270,0.4187,0.4353,
R_SALAZAR,MSAVI,30,0.4103,0.4103,0.4103,
R_SALAZAR,MSAVI,31,0.2509,0.2509,0.2509,
R_SALAZAR,MSAVI,32,0.4165,0.4066,0.4265,
R_SALAZAR,MSAVI,33,,,,
R_SALAZAR,MSAVI,34,0.3960,0.3960,0.3960,
R_SALAZAR,MSAVI,35,0.4306,0.4306,0.4306,
R_SALAZAR,MSAVI,36,0.3988,0.3954,0.4022,
R_SALAZAR,MSAVI,37,0.3905,0.3834,0.3975,
R_SALAZAR,MSAVI,38,0.3931,0.3931,0.3931,
R_SALAZAR,MSAVI,39,0.3855,0.3808,0.3902,
R_SALAZAR,MSAVI,40,0.3602,0.3602,0.3602,
R_SALAZAR,MSAVI,41,0.3813,0.3813,0.3813,
R_SALAZAR,MSAVI,42,,,,
R_SALAZAR,MSAVI,43,0.3722,0.3701,0.3744,
R_SALAZAR,MSAVI,44,0.3706,0.3669,0.3744,
R_SALAZAR,MSAVI,45,0.3873,0.3866,0.3881,
R_SALAZAR,MSAVI,46,0.3992,0.3954,0.4030,
R_SALAZAR,MSAVI,47,0.3985,0.3911,0.4058,
R_SALAZAR,MSAVI,48,0.4247,0.4247,0.4247,
R_SALAZAR,MSAVI,49,0.4317,0.4312,0.4322,
R_SALAZAR,MSAVI,50,0.4399,0.4355,0.4443,
R_SALAZAR,MSAVI,51,0.4320,0.4314,0.4327,
R_SALAZAR,MSAVI,52,0.4322,0.4237,0.4407,
R_SALAZAR,EVI,1,0.4369,0.4369,0.4369,
R_SALAZAR,EVI,2,0.5153,0.5153,0.5153,0.4679
R_SALAZAR,EVI,3,0.4615,0.4450,0.4779,0.4728
R_SALAZAR,EVI,4,,,,0.4243
R_SALAZAR,EVI,5,0.4406,0.4330,0.4482,0.4533
R_SALAZAR,EVI,6,0.4247,0.4205,0.4289,0.4540
R_SALAZAR,EVI,7,0.4219,0.4185,0.4252,0.4500
R_SALAZAR,EVI,8,0.4277,0.4277,0.4277,0.4435
R_SALAZAR,EVI,9,0.4083,0.4042,0.4124,0.4218
R_SALAZAR,EVI,10,0.4163,0.4109,0.4217,0.4279
R_SALAZAR,EVI,11,0.4114,0.4114,0.4114,0.4167
R_SALAZAR,EVI,12,0.4078,0.4069,0.4087,0.4288
R_SALAZAR,EVI,13,0.3662,0.3662,0.3662,0.4429
R_SALAZAR,EVI,14,0.4348,0.4259,0.4437,0.4297
R_SALAZAR,EVI,15,0.4385,0.4385,0.4385,0.4472
R_SALAZAR,EVI,16,0.3507,0.3150,0.3865,0.4400
R_SALAZAR,EVI,17,0.4243,0.4179,0.4308,0.4373
R_SALAZAR,EVI,18,0.4421,0.4421,0.4421,0.4445
R_SALAZAR,EVI,19,0.4364,0.4364,0.4364,0.4661
R_SALAZAR,EVI,20,0.4575,0.4488,0.4661,0.4527
R_SALAZAR,EVI,21,,,,
R_SALAZAR,EVI,22,0.4520,0.4507,0.4534,
R_SALAZAR,EVI,23,,,,0.4151
R_SALAZAR,EVI,24,,,,0.4291
R_SALAZAR,EVI,25,0.4320,0.4320,0.4320,0.4314
R_SALAZAR,EVI,26,0.4376,0.4357,0.4396,0.4410
R_SALAZAR,EVI,27,0.4370,0.4341,0.4399,0.4176
R_SALAZAR,EVI,28,0.4361,0.4248,0.4475,0.4322
R_SALAZAR,EVI,29,0.4378,0.4330,0.4427,
R_SALAZAR,EVI,30,0.4377,0.4377,0.4377,
R_SALAZAR,EVI,31,0.2687,0.2687,0.2687,
R_SALAZAR,EVI,32,0.4275,0.4159,0.4390,
R_SALAZAR,EVI,33,,,,
R_SALAZAR,EVI,34,0.4144,0.4144,0.4144,
R_SALAZAR,EVI,35,0.4371,0.4371,0.4371,
R_SALAZAR,EVI,36,0.4198,0.4160,0.4236,
R_SALAZAR,EVI,37,0.4109,0.4030,0.4188,
R_SALAZAR,EVI,38,0.4178,0.4178,0.4178,
R_SALAZAR,EVI,39,0.4050,0.4033,0.4067,
R_SALAZAR,EVI,40,0.3862,0.3862,0.3862,
R_SALAZAR,EVI,41,0.3958,0.3958,0.3958,
R_SALAZAR,EVI,42,,,,
R_SALAZAR,EVI,43,0.3904,0.3893,0.3914,
R_SALAZAR,EVI,44,0.3963,0.3926,0.4000,
R_SALAZAR,EVI,45,0.4273,0.4262,0.4284,
R_SALAZAR,EVI,46,0.4252,0.4252,0.4252,
R_SALAZAR,EVI,47,0.4205,0.4150,0.4259,
R_SALAZAR,EVI,48,0.4334,0.4334,0.4334,
R_SALAZAR,EVI,49,0.4483,0.4471,0.4495,
R_SALAZAR,EVI,50,0.4624,0.4562,0.4686,
R_SALAZAR,EVI,51,0.4566,0.4491,0.4641,
R_SALAZAR,EVI,52,0.4433,0.4323,0.4543,
R_SALAZAR,PSRI,1,0.1567,0.1567,0.1567,
R_SALAZAR,PSRI,2,0.1130,0.1130,0.1130,0.1308
R_SALAZAR,PSRI,3,0.1529,0.1382,0.1677,0.1259
R_SALAZAR,PSRI,4,,,,0.1425
R_SALAZAR,PSRI,5,0.1622,0.1590,0.1655,0.1347
R_SALAZAR,PSRI,6,0.1652,0.1578,0.1726,0.1472
R_SALAZAR,PSRI,7,0.1683,0.1678,0.1689,0.1594
R_SALAZAR,PSRI,8,0.1482,0.1482,0.1482,0.1572
R_SALAZAR,PSRI,9,0.1647,0.1611,0.1683,0.1594
R_SALAZAR,PSRI,10,0.1639,0.1624,0.1655,0.1560
R_SALAZAR,PSRI,11,0.1733,0.1733,0.1733,0.1479
R_SALAZAR,PSRI,12,0.1529,0.1492,0.1567,0.1516
R_SALAZAR,PSRI,13,0.1396,0.1396,0.1396,0.1381
R_SALAZAR,PSRI,14,0.1450,0.1381,0.1518,0.1487
R_SALAZAR,PSRI,15,0.1320,0.1320,0.1320,0.1306
R_SALAZAR,PSRI,16,0.1658,0.1595,0.1720,0.0802
R_SALAZAR,PSRI,17,0.1219,0.1102,0.1336,0.1357
R_SALAZAR,PSRI,18,0.1076,0.1076,0.1076,0.1293
R_SALAZAR,PSRI,19,0.1274,0.1274,0.1274,0.0932
R_SALAZAR,PSRI,20,0.0575,0.0331,0.0818,0.0941
R_SALAZAR,PSRI,21,,,,
R_SALAZAR,PSRI,22,0.1006,0.0899,0.1113,
R_SALAZAR,PSRI,23,,,,0.1089
R_SALAZAR,PSRI,24,,,,0.1127
R_SALAZAR,PSRI,25,0.1068,0.1068,0.1068,0.0875
R_SALAZAR,PSRI,26,0.0803,0.0781,0.0826,0.0990
R_SALAZAR,PSRI,27,0.0914,0.0862,0.0967,0.1244
R_SALAZAR,PSRI,28,0.1010,0.0912,0.1108,0.1081
R_SALAZAR,PSRI,29,0.1017,0.1005,0.1029,
R_SALAZAR,PSRI,30,0.0824,0.0824,0.0824,
R_SALAZAR,PSRI,31,0.1240,0.1240,0.1240,
R_SALAZAR,PSRI,32,0.1088,0.0951,0.1225,
R_SALAZAR,PSRI,33,,,,
R_SALAZAR,PSRI,34,0.1203,0.1203,0.1203,
R_SALAZAR,PSRI,35,0.1090,0.1090,0.1090,
R_SALAZAR,PSRI,36,0.1156,0.1093,0.1220,
R_SALAZAR,PSRI,37,0.1270,0.1190,0.1350,
R_SALAZAR,PSRI,38,0.1178,0.1178,0.1178,
R_SALAZAR,PSRI,39,0.1369,0.1352,0.1386,
R_SALAZAR,PSRI,40,0.1462,0.1462,0.1462,
R_SALAZAR,PSRI,41,0.1518,0.1518,0.1518,
R_SALAZAR,PSRI,42,,,,
R_SALAZAR,PSRI,43,0.1625,0.1572,0.1678,
R_SALAZAR,PSRI,44,0.1495,0.1494,0.1496,
R_SALAZAR,PSRI,45,0.1322,0.1273,0.1370,
R_SALAZAR,PSRI,46,0.1496,0.1485,0.1507,
R_SALAZAR,PSRI,47,0.1550,0.1517,0.1583,
R_SALAZAR,PSRI,48,0.1733,0.1733,0.1733,
R_SALAZAR,PSRI,49,0.1506,0.1443,0.1570,
R_SALAZAR,PSRI,50,0.1419,0.1334,0.1504,
R_SALAZAR,PSRI,51,0.1412,0.1285,0.1539,
R_SALAZAR,PSRI,52,0.1611,0.1532,0.1691,
