predio,band,month,historical_median,historical_p25,historical_p75,value_2026
RCI,NDVI,1,0.8084,0.7978,0.8272,0.7959
RCI,NDVI,2,0.8138,0.8088,0.8160,0.8377
RCI,NDVI,3,0.8270,0.7897,0.8372,0.8442
RCI,NDVI,4,0.8767,0.8571,0.8780,0.8708
RCI,NDVI,5,0.8812,0.8558,0.9130,0.8838
RCI,NDVI,6,0.8735,0.8502,0.8977,
RCI,NDVI,7,0.8793,0.8757,0.8914,
RCI,NDVI,8,0.8825,0.8785,0.8890,
RCI,NDVI,9,0.8592,0.8437,0.8761,
RCI,NDVI,10,0.8516,0.8223,0.8557,
RCI,NDVI,11,0.7941,0.7793,0.8073,
RCI,NDVI,12,0.7940,0.7864,0.8039,
RCI,NDMI,1,0.3768,0.3632,0.3830,0.3666
RCI,NDMI,2,0.3681,0.3464,0.3831,0.4019
RCI,NDMI,3,0.3651,0.3592,0.3845,0.4045
RCI,NDMI,4,0.4353,0.3999,0.4738,0.4617
RCI,NDMI,5,0.5088,0.5013,0.5422,0.4888
RCI,NDMI,6,0.5686,0.5504,0.5852,
RCI,NDMI,7,0.5325,0.5234,0.5359,
RCI,NDMI,8,0.4990,0.4866,0.5104,
RCI,NDMI,9,0.4637,0.4365,0.4714,
RCI,NDMI,10,0.4004,0.3785,0.4224,
RCI,NDMI,11,0.3587,0.3534,0.3639,
RCI,NDMI,12,0.3669,0.3574,0.3772,
RCI,NDWI,1,-0.7349,-0.7509,-0.7179,-0.7239
RCI,NDWI,2,-0.7480,-0.7530,-0.7397,-0.7657
RCI,NDWI,3,-0.7693,-0.7762,-0.7205,-0.7817
RCI,NDWI,4,-0.8091,-0.8106,-0.8017,-0.7992
RCI,NDWI,5,-0.8197,-0.8494,-0.7887,-0.8166
RCI,NDWI,6,-0.7996,-0.8289,-0.7650,
RCI,NDWI,7,-0.8146,-0.8251,-0.8132,
RCI,NDWI,8,-0.8117,-0.8190,-0.8051,
RCI,NDWI,9,-0.7778,-0.7919,-0.7625,
RCI,NDWI,10,-0.7335,-0.7481,-0.7248,
RCI,NDWI,11,-0.7020,-0.7156,-0.6953,
RCI,NDWI,12,-0.7086,-0.7197,-0.7023,
RCI,MNDWI,1,-0.5017,-0.5199,-0.4750,-0.4932
RCI,MNDWI,2,-0.5204,-0.5336,-0.5140,-0.5275
RCI,MNDWI,3,-0.5417,-0.5839,-0.4714,-0.5444
RCI,MNDWI,4,-0.5649,-0.6031,-0.5476,-0.5335
RCI,MNDWI,5,-0.5417,-0.5586,-0.4745,-0.5457
RCI,MNDWI,6,-0.4338,-0.4756,-0.3734,
RCI,MNDWI,7,-0.5055,-0.5141,-0.4927,
RCI,MNDWI,8,-0.5273,-0.5422,-0.5137,
RCI,MNDWI,9,-0.5034,-0.5147,-0.4689,
RCI,MNDWI,10,-0.4779,-0.4791,-0.4700,
RCI,MNDWI,11,-0.4700,-0.4778,-0.4514,
RCI,MNDWI,12,-0.4641,-0.4737,-0.4558,
RCI,GNDVI,1,0.7349,0.7179,0.7509,0.7239
RCI,GNDVI,2,0.7480,0.7397,0.7530,0.7657
RCI,GNDVI,3,0.7693,0.7205,0.7762,0.7817
RCI,GNDVI,4,0.8091,0.8017,0.8106,0.7992
RCI,GNDVI,5,0.8197,0.7887,0.8494,0.8166
RCI,GNDVI,6,0.7996,0.7650,0.8289,
RCI,GNDVI,7,0.8146,0.8132,0.8251,
RCI,GNDVI,8,0.8117,0.8051,0.8190,
RCI,GNDVI,9,0.7778,0.7625,0.7919,
RCI,GNDVI,10,0.7335,0.7248,0.7481,
RCI,GNDVI,11,0.7020,0.6953,0.7156,
RCI,GNDVI,12,0.7086,0.7023,0.7197,
RCI,EVI,1,0.5191,0.5050,0.5299,0.5134
RCI,EVI,2,0.4759,0.4602,0.4982,0.5088
RCI,EVI,3,0.4306,0.4209,0.4788,0.4839
RCI,EVI,4,0.4618,0.4111,0.5176,0.4962
RCI,EVI,5,0.4775,0.4678,0.5030,0.4504
RCI,EVI,6,0.5081,0.5019,0.5142,
RCI,EVI,7,0.4774,0.4716,0.5121,
RCI,EVI,8,0.5180,0.4876,0.5438,
RCI,EVI,9,0.5308,0.4936,0.5499,
RCI,EVI,10,0.5453,0.5300,0.5690,
RCI,EVI,11,0.5447,0.5290,0.5516,
RCI,EVI,12,0.5446,0.5338,0.5533,
RCI,SAVI,1,0.4957,0.4766,0.5012,0.4830
RCI,SAVI,2,0.4632,0.4398,0.4755,0.4963
RCI,SAVI,3,0.4268,0.4155,0.4428,0.4748
RCI,SAVI,4,0.4586,0.4160,0.5037,0.4896
RCI,SAVI,5,0.4658,0.4577,0.4818,0.4564
RCI,SAVI,6,0.4807,0.4780,0.4877,
RCI,SAVI,7,0.4708,0.4676,0.5074,
RCI,SAVI,8,0.5055,0.4820,0.5276,
RCI,SAVI,9,0.5029,0.4748,0.5239,
RCI,SAVI,10,0.5163,0.5049,0.5301,
RCI,SAVI,11,0.5055,0.4967,0.5109,
RCI,SAVI,12,0.5058,0.4981,0.5123,
RCI,MSAVI,1,0.4975,0.4716,0.5048,0.4799
RCI,MSAVI,2,0.4530,0.4222,0.4701,0.4976
RCI,MSAVI,3,0.4044,0.3898,0.4273,0.4678
RCI,MSAVI,4,0.4463,0.3896,0.5082,0.4885
RCI,MSAVI,5,0.4551,0.4439,0.4774,0.4418
RCI,MSAVI,6,0.4751,0.4710,0.4850,
RCI,MSAVI,7,0.4623,0.4571,0.5130,
RCI,MSAVI,8,0.5098,0.4769,0.5416,
RCI,MSAVI,9,0.5058,0.4672,0.5361,
RCI,MSAVI,10,0.5246,0.5092,0.5441,
RCI,MSAVI,11,0.5099,0.4978,0.5175,
RCI,MSAVI,12,0.5114,0.5001,0.5189,
RCI,ARI,1,9.8382,8.2718,10.5757,9.4636
RCI,ARI,2,11.9820,10.5187,12.7661,12.6371
RCI,ARI,3,13.3638,9.1950,16.0272,14.6988
RCI,ARI,4,18.7691,17.0716,20.2228,16.5887
RCI,ARI,5,19.5225,14.8921,27.3118,21.3069
RCI,ARI,6,17.1639,12.5271,21.0146,
RCI,ARI,7,21.3800,19.7116,21.4538,
RCI,ARI,8,18.7055,17.9363,19.5254,
RCI,ARI,9,13.6556,12.3137,14.0698,
RCI,ARI,10,9.3103,9.0207,10.5552,
RCI,ARI,11,8.0130,7.1608,9.1885,
RCI,ARI,12,8.0326,7.8529,8.2783,
RCI,MARI,1,2.8426,2.5451,3.1215,2.8234
RCI,MARI,2,3.0704,2.8279,3.3566,3.5415
RCI,MARI,3,3.4461,2.2180,3.5971,3.9214
RCI,MARI,4,4.4639,4.1386,4.7012,4.3893
RCI,MARI,5,4.7886,3.6435,6.4969,4.9594
RCI,MARI,6,4.4472,3.2830,5.3175,
RCI,MARI,7,5.1349,4.9096,5.3590,
RCI,MARI,8,4.7413,4.6668,5.0420,
RCI,MARI,9,3.6564,3.3518,4.0250,
RCI,MARI,10,2.8972,2.8618,3.0531,
RCI,MARI,11,2.5290,2.2878,2.8994,
RCI,MARI,12,2.5831,2.5244,2.6436,
RCI,ARVI,1,0.8146,0.8055,0.8325,0.8036
RCI,ARVI,2,0.8203,0.8159,0.8223,0.8415
RCI,ARVI,3,0.8355,0.7994,0.8424,0.8502
RCI,ARVI,4,0.8794,0.8613,0.8808,0.8729
RCI,ARVI,5,0.8829,0.8582,0.9113,0.8865
RCI,ARVI,6,0.8750,0.8529,0.8981,
RCI,ARVI,7,0.8779,0.8761,0.8896,
RCI,ARVI,8,0.8817,0.8780,0.8881,
RCI,ARVI,9,0.8597,0.8425,0.8764,
RCI,ARVI,10,0.8522,0.8236,0.8563,
RCI,ARVI,11,0.7980,0.7842,0.8113,
RCI,ARVI,12,0.8002,0.7927,0.8104,
RCI,CHL_REDEDGE,1,2.6446,2.5714,2.7905,2.4784
RCI,CHL_REDEDGE,2,2.7621,2.6674,2.8062,2.8578
RCI,CHL_REDEDGE,3,3.0221,2.8309,3.2363,3.2034
RCI,CHL_REDEDGE,4,3.5776,3.5403,3.7797,3.0329
RCI,CHL_REDEDGE,5,3.6116,3.2796,3.8903,3.6490
RCI,CHL_REDEDGE,6,3.4314,3.0593,3.7179,
RCI,CHL_REDEDGE,7,3.3146,3.0360,3.4531,
RCI,CHL_REDEDGE,8,3.0495,2.9649,3.1908,
RCI,CHL_REDEDGE,9,2.7650,2.6111,2.9882,
RCI,CHL_REDEDGE,10,2.3647,2.1309,2.5610,
RCI,CHL_REDEDGE,11,2.1418,1.9831,2.2374,
RCI,CHL_REDEDGE,12,2.2701,2.2105,2.3517,
RCI,EVI2,1,0.4978,0.4751,0.5034,0.4837
RCI,EVI2,2,0.4573,0.4301,0.4743,0.4947
RCI,EVI2,3,0.4115,0.3985,0.4383,0.4671
RCI,EVI2,4,0.4451,0.3974,0.4982,0.4822
RCI,EVI2,5,0.4598,0.4454,0.4720,0.4410
RCI,EVI2,6,0.4718,0.4668,0.4813,
RCI,EVI2,7,0.4594,0.4554,0.5009,
RCI,EVI2,8,0.5001,0.4719,0.5264,
RCI,EVI2,9,0.4999,0.4674,0.5237,
RCI,EVI2,10,0.5193,0.5047,0.5342,
RCI,EVI2,11,0.5133,0.5058,0.5179,
RCI,EVI2,12,0.5131,0.5052,0.5213,
RCI,KNDVI,1,0.5732,0.5621,0.5930,0.5602
RCI,KNDVI,2,0.5790,0.5739,0.5814,0.6045
RCI,KNDVI,3,0.5933,0.5530,0.6037,0.6110
RCI,KNDVI,4,0.6445,0.6241,0.6459,0.6383
RCI,KNDVI,5,0.6495,0.6238,0.6811,0.6519
RCI,KNDVI,6,0.6422,0.6185,0.6667,
RCI,KNDVI,7,0.6480,0.6441,0.6604,
RCI,KNDVI,8,0.6511,0.6468,0.6578,
RCI,KNDVI,9,0.6272,0.6106,0.6442,
RCI,KNDVI,10,0.6187,0.5880,0.6230,
RCI,KNDVI,11,0.5581,0.5424,0.5722,
RCI,KNDVI,12,0.5581,0.5501,0.5685,
RCI,MCARI,1,0.1340,0.1164,0.1379,0.1250
RCI,MCARI,2,0.1026,0.0938,0.1271,0.1344
RCI,MCARI,3,0.0806,0.0747,0.0872,0.1095
RCI,MCARI,4,0.1072,0.0817,0.1301,0.1291
RCI,MCARI,5,0.1030,0.0931,0.1142,0.1171
RCI,MCARI,6,0.1279,0.1200,0.1318,
RCI,MCARI,7,0.1298,0.1208,0.1546,
RCI,MCARI,8,0.1488,0.1412,0.1774,
RCI,MCARI,9,0.1580,0.1206,0.1688,
RCI,MCARI,10,0.1985,0.1774,0.2308,
RCI,MCARI,11,0.1671,0.1518,0.1823,
RCI,MCARI,12,0.1570,0.1502,0.1640,
RCI,MSI,1,0.4572,0.4510,0.4715,0.4683
RCI,MSI,2,0.4672,0.4520,0.4902,0.4321
RCI,MSI,3,0.4706,0.4505,0.4764,0.4295
RCI,MSI,4,0.3996,0.3621,0.4339,0.3739
RCI,MSI,5,0.3275,0.2994,0.3351,0.3484
RCI,MSI,6,0.2770,0.2631,0.2925,
RCI,MSI,7,0.3085,0.3057,0.3168,
RCI,MSI,8,0.3373,0.3270,0.3488,
RCI,MSI,9,0.3698,0.3621,0.3960,
RCI,MSI,10,0.4308,0.4089,0.4544,
RCI,MSI,11,0.4758,0.4702,0.4823,
RCI,MSI,12,0.4676,0.4568,0.4779,
RCI,NDMISTRESS,1,0.3913,0.3824,0.3992,0.3846
RCI,NDMISTRESS,2,0.3851,0.3668,0.4008,0.4125
RCI,NDMISTRESS,3,0.3875,0.3746,0.4066,0.4225
RCI,NDMISTRESS,4,0.4447,0.4092,0.4780,0.4714
RCI,NDMISTRESS,5,0.5141,0.5106,0.5430,0.4981
RCI,NDMISTRESS,6,0.5718,0.5530,0.5896,
RCI,NDMISTRESS,7,0.5289,0.5226,0.5392,
RCI,NDMISTRESS,8,0.4991,0.4899,0.5068,
RCI,NDMISTRESS,9,0.4619,0.4400,0.4727,
RCI,NDMISTRESS,10,0.4039,0.3832,0.4248,
RCI,NDMISTRESS,11,0.3703,0.3649,0.3757,
RCI,NDMISTRESS,12,0.3797,0.3713,0.3886,
RCI,NDII,1,0.3768,0.3632,0.3830,0.3666
RCI,NDII,2,0.3681,0.3464,0.3831,0.4019
RCI,NDII,3,0.3651,0.3592,0.3845,0.4045
RCI,NDII,4,0.4353,0.3999,0.4738,0.4617
RCI,NDII,5,0.5088,0.5013,0.5422,0.4888
RCI,NDII,6,0.5686,0.5504,0.5852,
RCI,NDII,7,0.5325,0.5234,0.5359,
RCI,NDII,8,0.4990,0.4866,0.5104,
RCI,NDII,9,0.4637,0.4365,0.4714,
RCI,NDII,10,0.4004,0.3785,0.4224,
RCI,NDII,11,0.3587,0.3534,0.3639,
RCI,NDII,12,0.3669,0.3574,0.3772,
RCI,NDCI,1,0.4609,0.4420,0.4915,0.4509
RCI,NDCI,2,0.4549,0.4339,0.4747,0.5011
RCI,NDCI,3,0.4449,0.3829,0.4710,0.4859
RCI,NDCI,4,0.5351,0.4921,0.5433,0.5431
RCI,NDCI,5,0.5273,0.4827,0.6227,0.5602
RCI,NDCI,6,0.5445,0.5041,0.5795,
RCI,NDCI,7,0.5513,0.5486,0.5825,
RCI,NDCI,8,0.5703,0.5557,0.6013,
RCI,NDCI,9,0.5453,0.5013,0.5692,
RCI,NDCI,10,0.5606,0.5237,0.5773,
RCI,NDCI,11,0.4797,0.4434,0.5075,
RCI,NDCI,12,0.4639,0.4592,0.4737,
RCI,PSSRB1,1,10.7992,10.0078,12.5241,9.6629
RCI,PSSRB1,2,11.0861,10.7556,11.3685,12.9984
RCI,PSSRB1,3,11.9834,9.3174,13.1452,13.7175
RCI,PSSRB1,4,18.2450,15.3944,18.5571,16.7728
RCI,PSSRB1,5,18.0544,14.2039,26.5099,18.7451
RCI,PSSRB1,6,16.1478,12.6735,19.8965,
RCI,PSSRB1,7,18.3094,16.3827,19.4195,
RCI,PSSRB1,8,17.6959,16.7728,19.3478,
RCI,PSSRB1,9,14.8855,12.8939,17.1449,
RCI,PSSRB1,10,14.1587,11.4954,14.5731,
RCI,PSSRB1,11,9.5109,8.7525,10.5220,
RCI,PSSRB1,12,9.6519,9.2316,10.6209,
RCI,SIPI1,1,1.0433,1.0393,1.0448,1.0434
RCI,SIPI1,2,1.0389,1.0373,1.0407,1.0445
RCI,SIPI1,3,1.0352,1.0175,1.0422,1.0401
RCI,SIPI1,4,1.0411,1.0348,1.0509,1.0350
RCI,SIPI1,5,1.0394,1.0198,1.0429,1.0365
RCI,SIPI1,6,1.0214,1.0020,1.0358,
RCI,SIPI1,7,1.0379,1.0360,1.0427,
RCI,SIPI1,8,1.0407,1.0360,1.0432,
RCI,SIPI1,9,1.0227,1.0164,1.0253,
RCI,SIPI1,10,1.0251,1.0223,1.0413,
RCI,SIPI1,11,1.0358,1.0293,1.0521,
RCI,SIPI1,12,1.0459,1.0424,1.0495,
RCI,LAI,1,2.1991,2.1109,2.2196,2.1073
RCI,LAI,2,2.0807,2.0135,2.1919,2.2951
RCI,LAI,3,2.0289,1.9911,2.1742,2.3941
RCI,LAI,4,2.3931,2.0637,2.6885,2.4887
RCI,LAI,5,2.6267,2.5358,2.7144,2.4589
RCI,LAI,6,2.7392,2.6826,2.8239,
RCI,LAI,7,2.5820,2.5093,2.7165,
RCI,LAI,8,2.5466,2.4306,2.7052,
RCI,LAI,9,2.4007,2.2728,2.5008,
RCI,LAI,10,2.1554,1.9919,2.2582,
RCI,LAI,11,1.9165,1.8467,2.0031,
RCI,LAI,12,2.0509,1.9935,2.0904,
RCI,LEAF_CHL,1,118.8607,115.3555,124.8972,112.5869
RCI,LEAF_CHL,2,114.3025,113.4979,119.3000,130.3347
RCI,LEAF_CHL,3,122.6503,119.6665,126.3975,145.6235
RCI,LEAF_CHL,4,153.2141,135.8054,166.3191,139.1411
RCI,LEAF_CHL,5,157.8475,143.1173,175.2268,154.4932
RCI,LEAF_CHL,6,158.9596,146.3978,170.8399,
RCI,LEAF_CHL,7,149.2726,143.9286,160.6996,
RCI,LEAF_CHL,8,141.9386,137.8562,150.7829,
RCI,LEAF_CHL,9,126.2028,120.8022,134.1193,
RCI,LEAF_CHL,10,105.0580,94.1758,114.7308,
RCI,LEAF_CHL,11,94.1392,87.7160,98.8756,
RCI,LEAF_CHL,12,103.6556,100.6418,106.5299,
RCI,CANOPY_CHL,1,208.9725,203.7996,219.7604,225.3873
RCI,CANOPY_CHL,2,228.7313,220.2554,232.2246,247.3691
RCI,CANOPY_CHL,3,224.4333,214.4373,234.7095,250.6642
RCI,CANOPY_CHL,4,221.5965,196.6370,241.2455,198.7544
RCI,CANOPY_CHL,5,206.6104,202.3004,215.6431,194.5246
RCI,CANOPY_CHL,6,230.5428,217.8969,240.7311,
RCI,CANOPY_CHL,7,204.0404,201.9633,205.3201,
RCI,CANOPY_CHL,8,209.0957,199.8036,218.1044,
RCI,CANOPY_CHL,9,215.8581,206.9483,241.9079,
RCI,CANOPY_CHL,10,225.4027,191.1747,234.1702,
RCI,CANOPY_CHL,11,186.4477,167.7030,205.0225,
RCI,CANOPY_CHL,12,217.8394,211.5785,222.8281,
RCI,FAPAR,1,0.7101,0.6955,0.7113,0.6954
RCI,FAPAR,2,0.6857,0.6752,0.7049,0.7183
RCI,FAPAR,3,0.6781,0.6696,0.6990,0.7313
RCI,FAPAR,4,0.7295,0.6841,0.7665,0.7400
RCI,FAPAR,5,0.7613,0.7494,0.7713,0.7387
RCI,FAPAR,6,0.7713,0.7644,0.7800,
RCI,FAPAR,7,0.7508,0.7419,0.7675,
RCI,FAPAR,8,0.7480,0.7320,0.7676,
RCI,FAPAR,9,0.7307,0.7099,0.7474,
RCI,FAPAR,10,0.7088,0.6813,0.7173,
RCI,FAPAR,11,0.6743,0.6644,0.6872,
RCI,FAPAR,12,0.6947,0.6842,0.6998,
RCI,FCOVER,1,0.5792,0.5573,0.5898,0.5714
RCI,FCOVER,2,0.5348,0.5078,0.5628,0.5732
RCI,FCOVER,3,0.4727,0.4665,0.5362,0.5551
RCI,FCOVER,4,0.5233,0.4614,0.5922,0.5713
RCI,FCOVER,5,0.5512,0.5411,0.5712,0.5253
RCI,FCOVER,6,0.5866,0.5786,0.5938,
RCI,FCOVER,7,0.5501,0.5413,0.5934,
RCI,FCOVER,8,0.5833,0.5505,0.6169,
RCI,FCOVER,9,0.5853,0.5398,0.6115,
RCI,FCOVER,10,0.5937,0.5760,0.6086,
RCI,FCOVER,11,0.5851,0.5728,0.5938,
RCI,FCOVER,12,0.6001,0.5798,0.6030,
RCI,PSRI,1,0.0306,0.0277,0.0399,0.0364
RCI,PSRI,2,0.0431,0.0392,0.0468,0.0494
RCI,PSRI,3,0.0357,0.0174,0.0436,0.0417
RCI,PSRI,4,0.0365,0.0325,0.0416,0.0341
RCI,PSRI,5,0.0268,0.0247,0.0321,0.0485
RCI,PSRI,6,0.0218,0.0048,0.0288,
RCI,PSRI,7,0.0326,0.0268,0.0413,
RCI,PSRI,8,0.0358,0.0325,0.0416,
RCI,PSRI,9,0.0241,0.0197,0.0281,
RCI,PSRI,10,0.0249,0.0158,0.0313,
RCI,PSRI,11,0.0406,0.0258,0.0486,
RCI,PSRI,12,0.0402,0.0334,0.0480,
RCI,CLEAR_PIXEL_COUNT,1,1.0000,0.0000,1.0000,1.0000
RCI,CLEAR_PIXEL_COUNT,2,1.0000,1.0000,2.0000,2.0000
RCI,CLEAR_PIXEL_COUNT,3,1.0000,1.0000,2.2500,1.5000
RCI,CLEAR_PIXEL_COUNT,4,1.0000,0.7500,2.0000,1.0000
RCI,CLEAR_PIXEL_COUNT,5,0.6968,0.0000,1.0000,1.0000
RCI,CLEAR_PIXEL_COUNT,6,0.3657,0.0000,1.0000,
RCI,CLEAR_PIXEL_COUNT,7,1.0000,1.0000,2.0000,
RCI,CLEAR_PIXEL_COUNT,8,0.0000,0.0000,1.0000,
RCI,CLEAR_PIXEL_COUNT,9,1.0000,1.0000,1.2500,
RCI,CLEAR_PIXEL_COUNT,10,1.0000,0.0000,1.0000,
RCI,CLEAR_PIXEL_COUNT,11,1.0000,0.7500,1.0000,
RCI,CLEAR_PIXEL_COUNT,12,1.5000,1.0000,2.0000,
